image_id,exact_match,relation_match,colour_overlap,size_overlap,object_overlap,total_attribute_overlap,gold_parse_ok,pred_parse_ok,semantic_match
59,0,0,2,1,2,5,1,1,0
7560,0,1,2,2,2,6,1,1,1
624,0,1,2,1,2,5,1,1,0
1616,0,0,2,0,2,4,1,1,0
7246,0,1,2,1,2,5,1,1,0
8414,0,0,1,0,2,3,1,1,0
1980,0,0,2,0,2,4,1,1,0
7756,0,1,2,2,2,6,1,1,1
495,0,0,2,1,2,5,1,1,0
6036,0,0,2,2,1,5,1,1,1
9756,0,1,2,2,1,5,1,1,1
3308,0,1,2,1,2,5,1,1,0
5485,0,1,1,0,2,3,1,1,0
2499,0,1,2,1,2,5,1,1,0
355,0,0,2,0,2,4,1,1,0
3868,0,1,2,1,2,5,1,1,0
422,0,0,2,2,2,6,1,1,1
6845,0,1,2,1,2,5,1,1,0
7102,0,1,2,1,2,5,1,1,0
4121,0,1,2,1,2,5,1,1,0
2778,0,1,2,1,2,5,1,1,1
3489,0,0,1,1,1,3,1,1,0
6561,0,0,2,1,2,5,1,1,1
4377,0,1,2,1,2,5,1,1,0
62,0,0,2,1,1,4,1,1,0
5094,0,0,2,0,1,3,1,1,0
4119,0,0,2,2,2,6,1,1,1
8360,0,1,2,1,1,4,1,1,0
2610,0,0,2,1,2,5,1,1,0
5847,0,1,2,1,2,5,1,1,0
1693,0,0,2,0,2,4,1,1,0
1068,0,0,2,2,2,6,1,1,1
6921,0,1,2,1,2,5,1,1,0
8758,0,1,2,1,2,5,1,1,0
1862,0,1,2,1,2,5,1,1,0
7464,0,0,2,1,1,4,1,1,0
3289,0,0,2,2,2,6,1,1,1
695,0,0,2,0,2,4,1,1,0
8049,0,1,2,1,2,5,1,1,0
9820,0,0,1,0,2,3,1,1,0
4366,0,0,2,0,2,4,1,1,0
7940,0,0,2,0,1,3,1,1,0
6216,0,1,2,1,2,5,1,1,1
6486,0,0,2,2,2,6,1,1,1
3876,1,1,2,1,2,5,1,1,1
5731,0,1,2,1,2,5,1,1,0
6370,0,1,2,0,1,3,1,1,0
4430,0,1,2,0,2,4,1,1,0
3291,0,0,2,0,2,4,1,1,0
2801,0,0,2,1,2,5,1,1,0
2433,0,0,1,2,2,5,1,1,1
6035,0,1,2,1,2,5,1,1,1
7333,0,0,2,2,2,6,1,1,1
8093,0,0,2,1,2,5,1,1,0
4958,0,1,2,1,2,5,1,1,0
6538,0,0,2,1,1,4,1,1,0
4590,0,0,2,1,2,5,1,1,0
9418,0,0,2,2,2,6,1,1,1
1553,0,0,2,1,2,5,1,1,0
5780,0,0,2,1,2,5,1,1,1
8274,0,0,2,1,1,4,1,1,0
8572,0,0,2,2,2,6,1,1,1
2463,0,1,2,0,2,4,1,1,0
9898,0,0,2,1,2,5,1,1,0
6773,0,0,2,1,2,5,1,1,1
6166,0,1,2,0,2,4,1,1,0
8715,0,0,2,1,2,5,1,1,0
6471,0,1,2,0,2,4,1,1,0
7294,0,0,2,1,2,5,1,1,0
6552,0,0,1,1,2,4,1,1,1
2527,0,0,2,1,2,5,1,1,0
630,0,0,2,2,1,5,1,1,1
1053,0,0,1,1,2,4,1,1,0
2198,0,0,2,1,2,5,1,1,0
4127,0,1,2,1,1,4,1,1,0
135,0,1,2,0,2,4,1,1,0
127,0,0,2,2,2,6,1,1,1
9227,0,0,2,0,1,3,1,1,0
1731,0,1,2,2,2,6,1,1,1
2540,0,0,2,2,2,6,1,1,1
169,0,1,2,1,2,5,1,1,0
1737,0,0,2,2,2,6,1,1,1
1834,0,0,2,1,1,4,1,1,0
5596,0,1,2,0,2,4,1,1,0
3655,0,1,2,1,1,4,1,1,0
3314,0,0,2,1,2,5,1,1,1
7156,0,1,2,1,2,5,1,1,0
9250,0,0,1,2,2,5,1,1,1
7675,0,0,2,2,2,6,1,1,1
2196,0,0,2,1,2,5,1,1,0
3865,0,1,2,1,2,5,1,1,0
1749,0,1,2,2,1,5,1,1,1
4426,0,0,2,2,2,6,1,1,1
2944,1,1,1,2,2,5,1,1,1
6624,0,1,2,1,2,5,1,1,0
6305,0,0,2,2,2,6,1,1,1
1732,0,0,2,0,2,4,1,1,0
4906,0,0,2,1,2,5,1,1,0
2393,0,1,2,2,2,6,1,1,0
9881,0,0,2,0,2,4,1,1,0
4578,0,0,2,2,2,6,1,1,1
7700,0,1,2,1,2,5,1,1,0
4112,0,1,2,1,2,5,1,1,0
6604,0,0,2,2,2,6,1,1,1
2522,0,1,1,1,2,4,1,1,0
1925,0,1,2,1,2,5,1,1,0
1165,0,1,2,2,2,6,1,1,1
5707,0,0,2,0,2,4,1,1,0
3042,0,1,2,2,2,6,1,1,1
2882,0,0,2,1,2,5,1,1,0
8968,0,1,1,1,2,4,1,1,1
9139,0,1,2,2,2,6,1,1,1
9121,0,1,2,1,2,5,1,1,0
3037,0,0,2,1,2,5,1,1,1
3121,0,1,2,2,2,6,1,1,1
880,0,0,2,2,2,6,1,1,1
2240,1,1,2,2,2,6,1,1,1
3691,0,0,2,0,2,4,1,0,0
6951,0,0,2,1,2,5,1,1,0
4733,0,0,2,2,2,6,1,1,1
6318,0,0,2,1,2,5,1,1,0
7579,0,0,2,1,1,4,1,1,0
2903,0,1,2,0,2,4,1,1,0
5865,0,0,2,2,2,6,1,1,1
4845,0,1,2,2,2,6,1,1,1
6244,0,0,2,2,2,6,1,1,1
5287,0,1,2,1,2,5,1,1,1
1725,0,0,2,0,2,4,1,1,0
7374,0,0,2,1,2,5,1,1,1
1825,0,0,2,1,1,4,1,1,0
5953,1,1,2,2,2,6,1,1,1
8236,1,1,2,2,2,6,1,1,1
4957,0,1,2,0,2,4,1,1,0
2785,1,1,2,1,2,5,1,1,1
7023,0,1,2,2,2,6,1,1,1
4745,0,1,2,2,2,6,1,1,1
9644,0,1,2,2,2,6,1,1,1
5513,0,0,2,1,2,5,1,1,0
1958,0,0,1,1,2,4,1,1,0
2298,0,1,2,1,1,4,1,1,1
6438,0,0,1,1,2,4,1,1,0
8119,0,0,2,1,2,5,1,1,0
6827,0,1,2,1,2,5,1,1,1
7822,0,0,2,1,2,5,1,1,0
5203,0,0,2,1,2,5,1,1,0
1773,0,1,1,2,2,5,1,1,1
718,0,1,1,1,2,4,1,1,0
1794,0,0,2,1,2,5,1,1,0
2789,0,0,2,0,2,4,1,1,0
6586,0,1,2,0,2,4,1,1,0
1027,0,0,2,1,2,5,1,1,0
3211,0,0,2,0,2,4,1,1,0
8231,0,0,2,1,2,5,1,1,1
4720,0,0,2,1,2,5,1,1,0
8557,0,0,2,1,2,5,1,1,0
5491,0,0,1,1,2,4,1,1,0
2706,0,1,2,0,2,4,1,0,0
4983,0,1,2,0,2,4,1,1,0
200,0,0,2,0,2,4,1,1,0
6310,0,0,2,0,2,4,1,1,0
1382,0,1,2,1,2,5,1,1,0
1123,0,0,2,1,1,4,1,1,1
1753,0,0,1,1,2,4,1,1,0
4188,0,0,2,2,1,5,1,1,1
5049,0,1,1,1,2,4,1,1,0
2656,0,1,2,1,2,5,1,1,1
5207,0,1,1,1,2,4,1,1,0
3514,0,0,2,2,2,6,1,1,1
5973,0,1,2,1,1,4,1,1,1
4913,0,1,2,1,1,4,1,1,0
2257,0,0,2,1,2,5,1,1,0
8389,1,1,2,2,2,6,1,1,1
2937,0,1,2,1,2,5,1,1,1
9728,1,1,2,2,2,6,1,1,1
26,0,1,2,2,2,6,1,1,1
4216,0,1,2,2,1,5,1,1,1
9353,0,0,2,2,2,6,1,1,1
8626,0,0,1,1,2,4,1,1,1
6246,0,0,1,2,2,5,1,1,1
8809,1,1,1,2,2,5,1,1,1
9282,0,0,2,2,1,5,1,1,1
2959,0,0,2,1,2,5,1,1,1
2739,0,1,2,1,2,5,1,1,0
6006,0,1,2,1,2,5,1,1,0
380,0,0,1,2,2,5,1,1,1
5692,0,0,2,2,2,6,1,1,1
8508,0,0,2,1,1,4,1,1,0
7686,0,0,2,1,2,5,1,1,0
2753,0,1,2,2,2,6,1,1,1
3806,0,0,2,0,2,4,1,1,0
7395,0,1,2,0,2,4,1,1,0
5145,0,1,2,1,2,5,1,1,0
5604,0,0,2,2,2,6,1,1,1
6087,0,1,2,0,1,3,1,1,0
9003,0,0,1,1,2,4,1,1,0
5972,0,0,2,1,2,5,1,1,0
7525,0,0,2,1,2,5,1,1,0
3795,0,0,2,2,2,6,1,1,1
8399,0,0,1,1,2,4,1,1,0
8649,0,1,2,1,2,5,1,1,0
4903,1,1,2,2,1,5,1,1,1
5993,0,1,2,2,2,6,1,1,1
4203,0,1,2,1,2,5,1,1,0
5130,0,0,2,1,2,5,1,1,0
8832,0,1,2,2,1,5,1,1,1
3154,0,1,2,0,2,4,1,1,0
4322,0,1,1,1,2,4,1,1,0
102,0,0,2,0,2,4,1,1,0
3490,0,1,1,1,2,4,1,1,0
2809,0,1,2,2,2,6,1,1,1
9290,0,0,2,2,2,6,1,1,1
9224,0,1,2,2,2,6,1,1,1
8663,0,0,2,1,1,4,1,1,0
557,0,1,2,1,1,4,1,1,0
8847,0,0,2,0,2,4,1,1,0
8591,0,0,2,2,2,6,1,1,1
1817,0,0,2,1,2,5,1,1,0
854,0,1,1,0,2,3,1,1,0
1453,0,0,2,1,2,5,1,1,0
1055,0,0,2,0,2,4,1,1,0
9238,0,0,2,2,2,6,1,1,1
7551,0,1,2,0,1,3,1,1,0
368,0,1,2,1,2,5,1,1,0
7845,0,0,2,2,2,6,1,1,1
9160,0,1,2,0,1,3,1,1,0
7705,0,1,2,1,2,5,1,0,0
2193,0,0,2,0,2,4,1,1,0
491,0,1,2,1,2,5,1,1,0
1138,0,1,1,1,2,4,1,1,0
3376,0,1,2,1,2,5,1,1,0
9843,0,0,2,2,2,6,1,1,1
2745,0,0,2,2,2,6,1,1,1
684,0,1,1,2,2,5,1,1,1
5324,0,1,2,2,2,6,1,1,1
2000,0,1,2,1,2,5,1,1,0
8244,0,1,2,1,2,5,1,1,0
7615,0,1,1,0,2,3,1,1,0
4550,1,1,2,1,2,5,1,1,1
4663,0,0,2,1,1,4,1,1,0
676,0,0,2,1,1,4,1,1,0
3922,0,1,1,1,2,4,1,1,1
4842,0,1,1,1,2,4,1,1,0
5493,0,1,2,0,2,4,1,1,0
3926,0,1,2,1,2,5,1,1,0
1555,0,0,2,2,2,6,1,1,1
4735,0,0,2,1,2,5,1,1,0
5823,0,0,2,1,2,5,1,1,0
8172,0,1,2,1,2,5,1,1,0
1057,0,0,2,2,1,5,1,1,0
9110,0,0,2,0,2,4,1,1,0
3466,0,1,2,1,2,5,1,1,0
8334,0,1,2,1,2,5,1,1,0
564,0,0,2,1,2,5,1,1,0
8048,0,1,2,2,2,6,1,1,1
678,1,1,1,2,2,5,1,1,1
5171,0,1,2,2,2,6,1,1,1
99,0,1,2,1,1,4,1,1,0
9989,0,1,2,2,2,6,1,1,1
7231,0,1,2,1,2,5,1,1,0
1964,0,1,2,1,2,5,1,1,0
4067,0,0,1,2,2,5,1,1,1
8227,0,1,2,1,2,5,1,1,0
320,0,0,2,1,2,5,1,1,0
4450,0,0,2,1,2,5,1,1,0
7486,0,1,2,0,2,4,1,1,0
6126,0,1,2,1,2,5,1,1,0
3157,1,1,2,2,1,5,1,1,1
1612,1,1,2,2,2,6,1,1,1
4197,0,1,2,0,2,4,1,1,0
5949,0,1,1,1,2,4,1,1,0
9657,0,1,2,0,2,4,1,1,0
507,0,0,2,1,2,5,1,1,0
7568,0,0,2,0,2,4,1,1,0
4939,0,1,1,0,2,3,1,1,0
7578,0,0,2,1,2,5,1,1,0
9722,0,1,1,1,2,4,1,1,0
4300,0,1,2,2,2,6,1,1,1
3589,0,0,2,1,2,5,1,1,0
7810,0,0,2,0,2,4,1,1,0
1148,0,0,2,0,2,4,1,1,0
4147,0,0,1,2,2,5,1,1,1
3431,0,1,2,0,2,4,1,1,0
7423,0,0,1,2,2,5,1,1,1
8178,0,0,2,2,2,6,1,1,1
1532,0,0,2,1,2,5,1,1,0
5399,0,0,2,0,1,3,1,1,0
7380,0,0,1,1,1,3,1,1,0
4813,0,1,2,1,2,5,1,1,0
1223,0,0,2,1,2,5,1,1,1
6379,0,0,2,2,2,6,1,1,1
2958,0,0,2,1,2,5,1,1,0
8836,0,1,1,1,2,4,1,1,0
2013,0,0,2,2,2,6,1,1,1
6572,0,0,1,1,2,4,1,1,0
1634,0,0,2,1,2,5,1,1,0
4016,0,1,2,2,2,6,1,1,1
4242,0,1,2,1,2,5,1,1,0
6609,0,1,2,1,2,5,1,1,1
5450,0,0,1,1,2,4,1,0,0
4309,0,0,2,1,2,5,1,1,0
114,1,1,2,2,1,5,1,1,1
9441,0,1,2,0,2,4,1,1,0
2955,0,0,2,2,2,6,1,1,1
9172,0,1,2,0,2,4,1,1,0
8173,0,1,2,2,2,6,1,1,1
7215,0,0,2,1,1,4,1,1,0
4201,0,0,2,1,1,4,1,1,0
6123,0,1,1,0,2,3,1,1,0
7995,0,0,2,1,2,5,1,1,0
7494,0,0,2,2,2,6,1,1,1
2542,0,0,1,0,2,3,1,1,0
7292,0,1,2,0,2,4,1,1,0
1295,0,0,2,1,2,5,1,1,0
9933,0,0,2,2,2,6,1,1,1
9200,0,0,1,1,1,3,1,1,0
3421,0,0,2,1,2,5,1,1,0
8886,0,0,2,1,2,5,1,1,0
7093,0,0,2,2,2,6,1,1,1
7206,1,1,2,2,2,6,1,1,1
4665,0,1,2,1,2,5,1,1,0
4171,0,0,2,1,2,5,1,1,0
2449,0,0,1,0,2,3,1,1,0
5928,0,1,2,1,2,5,1,1,0
2352,0,0,2,1,2,5,1,1,0
6868,0,1,2,2,1,5,1,1,1
652,0,1,2,1,2,5,1,1,0
4940,0,1,2,1,2,5,1,1,0
1006,0,1,2,1,2,5,1,1,0
4635,0,1,2,1,2,5,1,1,0
5568,0,1,2,1,2,5,1,1,0
3300,0,0,2,1,1,4,1,1,0
2920,0,0,1,1,1,3,1,1,0
8198,0,0,2,1,2,5,1,1,0
8662,0,0,2,2,2,6,1,1,1
3879,0,0,2,1,2,5,1,1,0
3983,0,1,2,1,1,4,1,1,1
5273,0,1,2,1,2,5,1,1,0
7979,0,0,1,2,2,5,1,1,1
1552,0,1,2,1,1,4,1,1,0
2220,0,0,2,1,2,5,1,1,0
5532,0,0,2,1,2,5,1,1,0
6326,0,1,2,0,2,4,1,1,0
4669,0,1,2,0,1,3,1,1,0
3043,0,1,2,1,2,5,1,1,0
8479,0,0,2,2,2,6,1,1,0
7734,0,1,2,1,2,5,1,1,0
1419,0,0,2,0,2,4,1,1,0
6866,0,1,2,2,1,5,1,1,1
4576,0,1,1,2,2,5,1,1,1
9050,0,1,2,1,2,5,1,1,0
7569,0,0,2,2,2,6,1,1,1
7759,0,0,2,1,2,5,1,1,0
8724,0,0,2,1,1,4,1,1,0
5861,0,1,1,1,2,4,1,1,0
8275,1,1,2,1,2,5,1,1,1
2574,0,0,2,1,2,5,1,1,0
944,0,1,2,1,2,5,1,1,0
7390,0,1,2,1,2,5,1,1,0
3085,0,0,1,1,2,4,1,1,1
5585,0,0,2,1,2,5,1,1,0
4781,0,1,2,1,1,4,1,1,0
3318,0,1,2,2,2,6,1,1,1
6221,0,0,2,2,2,6,1,1,1
5770,0,0,2,1,2,5,1,1,0
3274,0,1,2,0,1,3,1,1,0
3090,0,1,2,2,2,6,1,1,1
6562,0,0,2,2,2,6,1,1,1
6488,0,0,2,1,2,5,1,1,0
2384,0,0,2,1,2,5,1,1,0
1963,0,0,1,2,2,5,1,1,1
4257,0,1,2,1,2,5,1,1,0
1066,0,1,2,1,2,5,1,1,0
9551,0,0,1,1,2,4,1,1,0
2424,0,0,1,2,2,5,1,1,1
6251,0,0,2,2,2,6,1,1,1
1281,0,0,2,1,2,5,1,1,0
1700,0,0,2,1,2,5,1,1,0
3207,0,1,1,0,2,3,1,1,0
4894,0,0,2,2,2,6,1,1,1
162,0,0,2,2,1,5,1,1,1
8234,0,0,2,1,2,5,1,1,0
1423,0,1,2,2,2,6,1,1,1
5695,0,0,2,2,2,6,1,1,1
2849,0,1,2,1,2,5,1,1,0
4497,0,1,2,0,2,4,1,1,0
1051,0,1,1,1,2,4,1,1,0
1147,0,1,2,2,1,5,1,1,1
6752,0,0,2,1,2,5,1,1,0
2665,0,1,2,1,2,5,1,1,0
3624,0,1,2,1,2,5,1,1,0
3054,0,1,2,2,2,6,1,1,1
1559,0,0,2,1,2,5,1,1,0
6475,0,1,2,1,2,5,1,1,0
1292,0,0,2,2,1,5,1,1,1
8599,0,1,2,1,2,5,1,1,0
8830,0,1,2,1,2,5,1,1,0
2935,0,1,2,1,2,5,1,1,0
5015,0,1,2,2,2,6,1,1,1
758,0,1,2,2,2,6,1,1,0
1387,0,1,2,1,2,5,1,1,0
1578,0,1,2,2,2,6,1,1,1
8570,0,1,2,2,2,6,1,1,1
9264,0,1,2,1,2,5,1,1,1
9907,0,1,2,2,2,6,1,1,1
5872,0,1,2,2,2,6,1,1,1
9992,0,1,2,1,2,5,1,1,0
3235,0,1,2,2,2,6,1,1,1
4775,0,1,2,0,2,4,1,1,0
4893,0,0,2,2,1,5,1,1,1
2127,0,1,2,1,2,5,1,0,0
6783,0,0,2,1,2,5,1,1,0
2842,0,0,1,1,1,3,1,1,0
2189,0,0,1,0,2,3,1,1,0
7916,0,1,2,1,2,5,1,1,0
84,0,0,1,2,2,5,1,1,1
6958,0,1,2,0,1,3,1,1,0
5737,0,1,2,1,2,5,1,1,0
6112,0,0,2,2,2,6,1,1,1
2331,0,0,2,0,2,4,1,1,0
8580,0,0,2,2,2,6,1,1,1
2948,0,0,2,1,2,5,1,1,1
1894,0,1,2,1,2,5,1,1,0
1407,0,0,2,1,2,5,1,1,0
8582,0,1,2,1,2,5,1,1,0
5939,0,0,2,1,2,5,1,1,0
7433,0,1,2,1,2,5,1,1,0
2827,0,1,2,2,2,6,1,1,1
5306,0,0,2,1,2,5,1,1,0
9664,0,0,2,1,2,5,1,1,0
9963,0,1,2,0,2,4,1,1,0
3261,0,0,2,1,2,5,1,1,0
1836,0,1,2,1,1,4,1,1,0
620,0,1,2,1,2,5,1,1,0
8427,0,1,2,2,1,5,1,1,0
8031,0,0,2,1,2,5,1,1,0
933,0,1,2,2,2,6,1,1,0
6056,0,0,2,1,2,5,1,1,0
5,0,1,2,1,1,4,1,1,0
9571,0,1,2,1,2,5,1,1,0
6261,0,1,2,1,1,4,1,1,0
2419,0,1,2,0,2,4,1,1,0
2325,0,1,2,2,2,6,1,1,1
3327,0,0,1,1,2,4,1,1,0
9775,0,0,2,2,2,6,1,1,1
1255,0,1,2,1,2,5,1,1,0
631,0,0,2,0,1,3,1,1,0
7583,0,0,2,1,2,5,1,1,0
3802,0,0,2,1,2,5,1,1,0
8221,0,0,2,0,1,3,1,1,0
8151,0,0,2,1,2,5,1,1,1
6196,0,1,2,2,2,6,1,1,1
8246,0,0,2,1,1,4,1,1,1
9425,0,0,2,1,2,5,1,1,0
16,0,0,2,0,1,3,1,1,0
3132,0,0,1,2,2,5,1,1,1
3496,0,0,2,1,2,5,1,1,0
714,0,1,2,1,2,5,1,1,1
5263,0,0,2,1,2,5,1,1,0
8153,0,0,2,1,1,4,1,1,1
7048,0,1,2,2,2,6,1,1,1
9945,0,0,1,2,2,5,1,1,1
1876,0,0,2,1,1,4,1,1,0
3762,0,1,2,1,2,5,1,1,0
9328,1,1,2,1,2,5,1,1,1
1947,0,0,2,1,2,5,1,1,0
4189,0,0,2,1,2,5,1,1,0
4890,0,1,2,0,2,4,1,1,0
279,0,1,2,1,2,5,1,1,1
8444,0,1,2,2,1,5,1,1,1
3345,0,0,2,1,2,5,1,1,0
3160,0,1,2,0,2,4,1,1,0
7498,0,0,2,1,1,4,1,1,1
5660,0,1,2,2,2,6,1,1,0
6129,0,0,2,1,2,5,1,1,0
1879,1,1,2,1,1,4,1,1,1
2702,0,0,2,2,2,6,1,1,0
7609,0,0,2,1,2,5,1,1,0
9787,0,1,2,1,2,5,1,1,0
5686,0,0,2,1,2,5,1,1,0
5883,1,1,2,2,2,6,1,1,1
7938,0,1,2,1,2,5,1,1,0
9322,0,0,2,1,1,4,1,1,0
8015,0,1,2,2,2,6,1,1,1
992,0,0,2,1,2,5,1,1,1
3047,0,1,2,2,2,6,1,1,1
6683,0,0,2,1,2,5,1,1,0
2881,0,1,2,2,1,5,1,1,0
6094,0,0,2,0,2,4,1,1,0
1696,0,0,2,0,2,4,1,1,0
2305,0,1,2,1,2,5,1,1,0
6158,0,0,2,0,1,3,1,1,0
429,0,1,2,1,2,5,1,1,0
2487,0,0,2,1,2,5,1,1,1
1659,0,0,2,1,2,5,1,1,1
4281,0,1,2,1,2,5,1,1,0
5245,1,1,2,1,2,5,1,1,1
7869,0,1,2,1,1,4,1,1,0
5603,0,0,2,1,2,5,1,1,0
8127,0,1,1,1,2,4,1,1,0
4097,0,0,2,1,2,5,1,1,0
5238,0,1,2,1,1,4,1,1,0
8732,0,0,2,2,2,6,1,1,1
2628,0,1,2,1,2,5,1,1,0
5738,0,0,2,0,2,4,1,1,0
1260,0,1,2,1,2,5,1,1,0
6066,1,1,2,2,2,6,1,1,1
3356,0,1,2,2,2,6,1,1,1
9354,0,1,2,1,2,5,1,1,1
5329,0,0,2,2,1,5,1,1,1
6808,0,1,2,0,2,4,1,1,0
228,0,0,2,2,2,6,1,1,1
8148,0,1,2,1,2,5,1,1,0
6998,0,1,1,2,2,5,1,1,1
6898,0,0,2,1,2,5,1,1,0
5870,0,1,2,0,2,4,1,1,0
3522,0,1,2,1,2,5,1,1,0
5564,0,0,2,2,2,6,1,1,1
9690,0,0,2,2,2,6,1,1,1
2945,0,0,2,1,2,5,1,1,0
7484,0,1,2,2,2,6,1,1,1
8279,0,1,2,2,2,6,1,1,1
799,0,0,1,1,2,4,1,1,0
1278,0,1,2,1,2,5,1,1,1
721,0,0,2,0,2,4,1,0,0
2997,0,0,2,1,2,5,1,1,0
6101,0,0,2,1,2,5,1,1,0
5084,0,1,2,1,1,4,1,1,0
1424,0,1,2,2,2,6,1,1,1
580,0,1,2,2,2,6,1,1,1
2184,0,0,2,0,2,4,1,1,0
8839,0,1,2,1,2,5,1,1,0
8558,0,0,2,1,2,5,1,1,0
4051,0,1,2,1,2,5,1,1,0
8526,0,1,2,1,1,4,1,1,1
3523,0,1,2,1,2,5,1,1,0
1505,0,0,1,1,2,4,1,1,0
8805,0,0,2,2,2,6,1,1,1
1378,0,1,2,0,2,4,1,1,0
3149,0,0,1,1,2,4,1,1,0
5188,0,0,2,2,2,6,1,1,0
9822,0,0,2,0,2,4,1,1,0
6064,0,1,2,1,2,5,1,1,0
9741,0,1,2,1,1,4,1,1,0
9966,0,0,2,1,2,5,1,1,0
6909,0,1,2,1,2,5,1,1,0
9616,0,1,2,0,2,4,1,1,0
3395,0,0,2,0,2,4,1,1,0
9964,0,0,2,1,2,5,1,1,1
5866,0,1,1,0,2,3,1,1,0
345,0,0,2,2,2,6,1,1,1
351,0,0,2,2,2,6,1,1,1
8051,0,1,2,0,2,4,1,1,0
9717,0,1,2,1,2,5,1,1,1
2097,0,0,2,2,2,6,1,1,1
1308,0,0,2,2,2,6,1,1,1
2320,0,0,2,1,2,5,1,1,0
523,0,1,2,0,1,3,1,1,0
9136,0,0,2,2,2,6,1,1,0
3468,0,1,1,1,2,4,1,1,0
1005,0,0,2,1,2,5,1,1,1
2274,0,1,2,1,2,5,1,1,0
6013,0,0,1,1,2,4,1,1,1
764,0,1,2,1,2,5,1,1,0
6962,0,0,2,2,2,6,1,1,1
2329,0,1,2,1,2,5,1,1,0
8067,0,1,1,1,2,4,1,1,1
6822,0,0,2,1,2,5,1,1,0
6409,0,0,2,1,2,5,1,1,0
6700,0,1,2,1,2,5,1,1,0
1933,0,0,2,2,2,6,1,1,1
3978,0,0,2,1,2,5,1,1,1
8841,0,1,2,0,1,3,1,1,0
7293,0,1,2,1,2,5,1,1,0
6882,0,1,2,1,2,5,1,1,0
3112,0,1,2,1,2,5,1,1,0
4955,0,0,2,1,2,5,1,1,0
6285,1,1,2,1,1,4,1,1,1
2710,0,0,1,2,2,5,1,1,1
612,0,1,2,1,1,4,1,1,1
5984,0,0,1,1,2,4,1,1,0
8271,0,1,2,0,2,4,1,1,0
3410,0,0,2,0,2,4,1,1,0
5000,0,1,2,1,2,5,1,1,0
1234,0,1,2,1,2,5,1,1,0
4224,0,1,2,1,1,4,1,1,0
7164,0,0,2,1,2,5,1,1,0
8263,1,1,2,1,2,5,1,1,1
1525,0,1,2,1,2,5,1,1,0
8013,0,0,2,1,2,5,1,1,1
892,0,1,2,2,2,6,1,1,1
5374,0,1,2,1,2,5,1,1,0
1596,0,0,2,1,2,5,1,1,0
1923,0,1,1,2,2,5,1,1,1
2250,0,0,2,1,2,5,1,1,0
2383,0,0,2,2,2,6,1,1,1
3754,0,0,2,1,2,5,1,1,0
8080,0,1,2,1,2,5,1,1,0
3180,0,1,2,1,1,4,1,1,0
9867,0,0,2,2,2,6,1,1,1
2373,0,0,2,1,2,5,1,1,1
738,1,1,2,2,2,6,1,1,1
7402,0,0,2,0,2,4,1,1,0
950,0,1,1,1,2,4,1,1,0
1870,0,0,2,0,2,4,1,1,0
4095,0,0,2,1,2,5,1,1,0
5076,0,1,2,1,2,5,1,1,0
6481,0,0,2,2,2,6,1,1,1
1512,0,0,1,1,2,4,1,1,0
6224,0,0,2,2,2,6,1,1,1
2151,0,0,2,1,2,5,1,1,0
942,0,0,2,2,2,6,1,1,1
6697,0,0,2,2,2,6,1,1,1
8804,0,1,1,0,2,3,1,1,0
3361,0,0,2,1,1,4,1,1,0
1872,0,1,2,2,1,5,1,1,1
2426,0,0,2,2,2,6,1,1,1
401,0,0,2,1,1,4,1,1,1
5309,0,1,2,1,2,5,1,1,0
4700,0,0,1,1,2,4,1,1,0
9699,0,1,2,2,2,6,1,1,1
2994,0,0,2,1,2,5,1,1,0
7008,0,1,2,1,2,5,1,1,0
7341,0,1,1,1,2,4,1,1,0
36,0,0,2,0,2,4,1,1,0
3690,0,0,2,2,2,6,1,1,1
2896,0,0,1,0,2,3,1,1,0
8765,0,1,2,1,2,5,1,1,0
1356,0,0,2,1,2,5,1,1,1
2367,0,0,2,0,1,3,1,1,0
7130,0,0,2,2,2,6,1,1,1
3302,0,1,2,2,2,6,1,1,1
7030,0,0,2,1,2,5,1,1,1
4071,0,1,2,1,2,5,1,1,0
4562,0,1,2,1,2,5,1,1,0
9564,0,0,2,0,2,4,1,1,0
668,0,1,2,1,1,4,1,1,0
4336,0,1,2,1,2,5,1,1,1
4966,0,0,2,0,1,3,1,1,0
9506,0,0,2,1,2,5,1,1,1
5942,0,1,2,2,2,6,1,1,1
2190,0,1,2,1,1,4,1,1,0
9414,0,1,2,1,1,4,1,1,1
3859,0,1,2,0,2,4,1,1,0
3729,0,1,1,0,2,3,1,1,0
8845,0,0,2,1,2,5,1,1,0
7982,0,0,2,2,2,6,1,1,1
9713,0,0,2,2,2,6,1,1,1
9430,0,0,2,1,2,5,1,1,0
6997,0,1,2,1,2,5,1,1,0
4682,0,1,2,1,2,5,1,1,0
9054,0,1,1,2,2,5,1,1,1
4437,0,1,1,0,2,3,1,1,0
4829,0,1,2,0,2,4,1,1,0
6083,0,1,2,2,2,6,1,1,1
8684,0,1,2,2,2,6,1,1,1
7852,0,0,2,1,2,5,1,1,1
3674,0,1,2,2,2,6,1,1,1
4510,0,1,2,1,2,5,1,1,0
4743,0,0,1,1,2,4,1,1,1
2983,0,0,2,1,2,5,1,1,0
3530,0,0,2,2,1,5,1,1,1
9973,0,0,2,1,2,5,1,1,0
1371,1,1,1,2,2,5,1,1,1
2590,0,1,2,1,1,4,1,1,0
9084,0,1,2,1,2,5,1,1,0
6277,0,1,2,1,2,5,1,1,0
8607,0,1,2,1,2,5,1,1,0
6786,0,0,2,2,2,6,1,1,1
8737,0,1,2,1,1,4,1,1,0
7,0,0,2,1,2,5,1,1,0
1482,0,0,2,1,2,5,1,1,0
5468,0,1,2,2,2,6,1,1,1
5600,0,0,2,1,2,5,1,1,0
586,0,0,1,1,2,4,1,1,0
9804,0,1,2,1,2,5,1,1,1
4792,1,1,2,2,2,6,1,1,1
2088,0,0,2,1,2,5,1,1,0
1813,0,0,2,0,2,4,1,1,0
353,0,0,2,2,2,6,1,1,1
5133,0,0,2,1,2,5,1,1,0
5841,0,0,2,1,2,5,1,1,0
3984,0,0,2,1,2,5,1,1,1
1902,0,0,2,1,2,5,1,1,0
5761,0,0,2,1,2,5,1,1,0
1893,0,1,2,1,1,4,1,1,1
7632,0,1,2,1,2,5,1,1,0
9337,0,1,2,1,2,5,1,1,0
6255,0,1,2,2,2,6,1,1,1
2831,0,0,1,2,2,5,1,1,1
4401,0,1,2,1,1,4,1,1,0
5655,0,0,2,1,2,5,1,1,0
3784,0,1,2,1,2,5,1,1,0
9326,1,1,1,2,2,5,1,1,1
7841,0,1,2,1,2,5,1,1,0
6816,0,1,2,1,2,5,1,1,0
4823,0,0,2,1,2,5,1,1,0
3189,0,1,2,1,2,5,1,1,0
6961,0,0,1,2,2,5,1,1,1
9360,0,0,2,1,2,5,1,1,0
9203,0,0,2,1,1,4,1,1,0
3956,0,1,2,2,2,6,1,1,1
8821,0,0,2,1,2,5,1,1,0
7747,0,0,2,1,2,5,1,1,0
5014,0,1,1,0,1,2,1,1,0
8445,0,0,2,2,2,6,1,1,0
7493,0,0,2,1,2,5,1,1,1
5552,0,0,2,1,2,5,1,1,1
7434,0,1,2,1,2,5,1,1,0
8529,0,1,2,1,2,5,1,1,0
7775,0,0,2,2,2,6,1,1,1
2688,0,1,1,1,1,3,1,1,0
6517,0,0,2,2,2,6,1,1,1
215,0,0,2,1,2,5,1,1,0
1791,0,0,1,1,2,4,1,1,0
8878,0,0,2,1,2,5,1,1,1
7695,0,1,2,0,2,4,1,1,0
397,0,0,2,1,2,5,1,1,1
9145,0,1,2,0,2,4,1,1,0
8619,0,0,2,0,1,3,1,1,0
9719,0,1,2,1,1,4,1,1,0
4385,0,0,1,1,2,4,1,1,1
9695,0,0,2,0,2,4,1,1,0
4459,0,0,1,2,2,5,1,1,1
6272,0,1,2,1,2,5,1,1,0
275,0,1,2,1,1,4,1,1,0
9342,0,0,2,1,2,5,1,1,0
7931,0,1,2,1,1,4,1,1,0
8434,0,0,2,2,2,6,1,1,1
9329,0,1,2,2,2,6,1,1,1
6023,0,1,2,1,1,4,1,1,0
5100,0,1,1,1,2,4,1,1,0
5059,0,0,2,0,2,4,1,1,0
1375,0,0,2,1,1,4,1,1,0
4262,0,0,2,1,2,5,1,1,0
4302,0,0,2,1,2,5,1,1,0
9313,0,1,2,0,2,4,1,1,0
7595,0,1,2,2,2,6,1,1,1
6932,0,1,2,1,2,5,1,1,0
2040,0,0,2,2,2,6,1,1,1
6176,1,1,2,1,2,5,1,1,1
6780,0,1,2,1,2,5,1,1,0
3996,0,0,2,1,2,5,1,1,1
5678,0,1,2,1,2,5,1,1,0
3460,0,0,1,1,2,4,1,1,0
3068,0,1,2,1,2,5,1,1,0
2395,0,0,2,0,1,3,1,1,0
3022,0,0,2,1,2,5,1,1,0
1899,0,1,1,1,2,4,1,0,0
6781,1,1,2,2,2,6,1,1,1
6846,0,0,2,1,2,5,1,1,0
2059,0,1,1,2,2,5,1,1,1
2585,0,0,2,1,1,4,1,1,0
8587,0,0,2,0,2,4,1,1,0
5856,0,1,2,0,2,4,1,1,0
5426,0,0,2,2,1,5,1,1,1
6497,0,1,2,0,1,3,1,1,0
9734,0,1,2,1,2,5,1,1,0
7308,0,1,2,1,2,5,1,1,0
533,0,0,2,1,2,5,1,1,0
5269,0,0,2,2,2,6,1,1,1
5803,0,1,2,1,1,4,1,1,0
508,0,0,1,2,1,4,1,1,1
8059,0,1,2,1,2,5,1,1,0
8810,0,0,2,0,2,4,1,1,0
765,0,0,2,2,2,6,1,1,1
9725,0,0,2,1,2,5,1,1,0
4236,0,0,1,2,1,4,1,1,1
9930,0,0,2,2,1,5,1,1,1
2987,0,1,2,1,2,5,1,1,1
7368,0,0,2,0,2,4,1,1,0
8483,0,0,2,1,1,4,1,1,0
8027,0,1,1,1,2,4,1,1,0
7921,0,0,2,2,2,6,1,1,1
3805,0,1,2,1,2,5,1,1,0
2612,0,0,2,1,2,5,1,1,0
3246,0,0,2,2,2,6,1,1,1
4787,0,1,2,1,1,4,1,1,0
4494,0,1,2,2,2,6,1,1,1
7194,0,0,2,1,2,5,1,1,0
4504,0,0,2,0,2,4,1,1,0
4493,0,0,2,2,2,6,1,1,1
1937,0,1,2,1,2,5,1,1,0
5522,0,0,2,1,2,5,1,1,0
3237,1,1,2,2,2,6,1,1,1
1663,0,1,2,1,1,4,1,1,0
9948,0,0,2,1,2,5,1,1,0
800,0,0,2,1,2,5,1,1,0
31,0,1,2,2,1,5,1,1,1
1511,0,0,2,2,2,6,1,1,1
2204,0,1,2,2,1,5,1,1,1
4738,0,1,2,2,2,6,1,1,1
8356,0,1,2,1,2,5,1,1,0
4629,0,0,2,0,2,4,1,1,0
1631,0,1,1,0,2,3,1,1,0
9883,0,0,2,0,2,4,1,1,0
1460,0,0,2,1,2,5,1,1,1
3570,0,1,1,1,2,4,1,1,0
1198,0,1,2,1,1,4,1,1,0
3417,0,0,2,0,2,4,1,1,0
8744,0,0,2,2,1,5,1,1,1
8634,0,0,2,1,2,5,1,1,0
2783,0,0,2,0,2,4,1,1,0
478,0,0,2,1,2,5,1,1,1
8450,0,0,2,2,1,5,1,1,1
4319,0,0,2,1,2,5,1,1,0
5142,0,1,2,2,1,5,1,1,1
7851,0,0,2,1,2,5,1,1,0
1127,0,0,2,1,2,5,1,1,0
4571,0,0,2,0,2,4,1,1,0
8467,0,1,2,2,2,6,1,1,1
2500,0,0,2,0,2,4,1,1,0
313,0,1,2,1,1,4,1,1,0
7709,0,0,2,0,2,4,1,1,0
2663,0,0,2,1,2,5,1,1,0
5210,1,1,2,2,2,6,1,1,1
6231,0,0,1,0,2,3,1,1,0
2402,0,0,2,2,2,6,1,1,1
3888,0,1,2,2,2,6,1,1,1
5064,0,1,2,1,2,5,1,1,0
9148,0,0,2,1,2,5,1,1,0
985,0,0,2,1,2,5,1,1,0
7505,0,1,2,1,2,5,1,1,0
5708,0,0,2,2,2,6,1,1,1
591,0,1,2,1,2,5,1,1,0
5096,0,0,2,1,2,5,1,1,1
1569,0,1,1,0,2,3,1,1,0
1175,0,1,2,2,2,6,1,1,1
2664,0,0,2,1,2,5,1,1,0
7171,0,1,1,1,2,4,1,1,0
3849,0,0,2,2,2,6,1,1,1
8481,0,0,2,1,2,5,1,1,0
6209,0,1,2,1,2,5,1,1,0
5020,0,0,2,2,2,6,1,1,1
4520,0,0,2,0,2,4,1,1,0
5713,0,0,2,1,2,5,1,1,0
1291,0,1,1,1,2,4,1,1,0
3678,0,1,2,1,2,5,1,1,0
5103,0,1,2,1,2,5,1,1,0
1974,0,0,2,1,2,5,1,1,0
6796,0,0,2,1,1,4,1,1,0
7768,0,0,2,0,2,4,1,1,0
9947,0,1,2,2,2,6,1,1,1
3339,0,1,2,2,1,5,1,1,1
97,0,0,2,2,1,5,1,1,1
3600,0,1,1,2,2,5,1,1,1
1673,0,1,2,1,2,5,1,1,0
3396,0,1,2,1,2,5,1,1,0
9736,0,1,2,0,2,4,1,1,0
7185,0,1,2,0,2,4,1,1,0
9658,0,0,2,2,2,6,1,1,1
3347,0,0,2,1,2,5,1,1,0
1052,0,1,2,2,2,6,1,1,1
5158,0,0,1,1,2,4,1,1,0
3783,0,0,1,1,2,4,1,1,0
4766,0,1,2,1,2,5,1,1,0
7893,0,0,2,0,1,3,1,0,0
1833,0,1,2,2,2,6,1,1,1
882,1,1,2,2,2,6,1,1,1
7463,0,1,2,1,2,5,1,1,0
4943,1,1,2,2,2,6,1,1,1
7004,0,1,1,0,2,3,1,1,0
3124,0,0,2,1,2,5,1,1,1
4561,0,0,2,1,2,5,1,1,0
1708,0,0,2,2,2,6,1,1,1
6937,0,1,2,1,2,5,1,1,0
5134,0,1,2,2,2,6,1,1,1
6243,0,1,2,1,2,5,1,1,0
3504,0,1,2,1,1,4,1,1,0
3551,0,1,2,1,2,5,1,1,0
6312,0,0,1,2,2,5,1,1,1
5638,1,1,2,2,2,6,1,1,1
2768,0,1,2,2,2,6,1,1,1
2602,0,1,2,1,2,5,1,1,0
3687,0,1,2,1,2,5,1,1,0
3695,0,0,2,1,2,5,1,1,0
1802,0,0,2,1,2,5,1,1,1
8077,0,1,2,1,2,5,1,1,1
749,0,1,2,0,2,4,1,1,0
3593,0,1,2,1,2,5,1,1,0
2410,0,0,2,1,2,5,1,1,0
941,1,1,1,2,2,5,1,1,1
1645,0,1,2,2,2,6,1,1,1
6546,0,1,2,0,2,4,1,1,0
9263,0,1,2,2,2,6,1,1,1
6844,0,1,2,1,2,5,1,1,0
5488,0,1,2,2,2,6,1,1,1
7210,0,1,2,1,2,5,1,0,0
1548,0,1,1,1,2,4,1,0,0
4779,0,0,2,1,2,5,1,1,0
6185,0,0,2,2,2,6,1,1,1
9141,0,1,2,2,2,6,1,1,1
9296,0,0,1,2,2,5,1,1,1
5018,0,1,2,1,2,5,1,1,0
9100,1,1,1,2,2,5,1,1,1
5027,0,0,2,1,2,5,1,1,0
9762,0,1,1,0,2,3,1,1,0
2571,0,1,2,2,2,6,1,1,1
3554,0,1,1,1,2,4,1,1,0
9602,0,1,2,1,1,4,1,1,1
5136,0,0,2,1,2,5,1,1,1
6613,0,0,1,0,2,3,1,1,0
3283,0,0,2,1,2,5,1,1,0
9889,0,0,2,1,2,5,1,1,1
1267,0,1,2,1,2,5,1,1,0
9028,0,0,2,1,2,5,1,1,0
9297,0,0,2,1,2,5,1,1,0
9307,0,0,2,2,1,5,1,1,1
3034,0,0,2,2,2,6,1,1,1
5507,0,1,2,1,1,4,1,1,0
1384,0,1,2,1,2,5,1,1,0
7612,0,1,2,1,2,5,1,1,0
3440,0,1,2,1,1,4,1,1,0
2671,0,1,2,1,2,5,1,1,1
4587,0,0,2,1,2,5,1,1,0
1161,0,0,2,1,2,5,1,1,1
1125,0,1,2,2,2,6,1,1,1
4334,0,0,1,1,2,4,1,1,0
8801,0,0,2,2,1,5,1,1,1
1201,0,1,2,1,2,5,1,1,0
5237,0,1,2,2,2,6,1,1,1
6119,1,1,2,2,1,5,1,1,1
4258,0,1,2,0,2,4,1,1,0
4874,0,1,2,1,2,5,1,1,0
4737,1,1,2,1,2,5,1,1,1
7218,1,1,1,2,1,4,1,1,1
3640,0,1,1,0,2,3,1,1,0
5151,0,1,2,0,2,4,1,1,0
9106,0,0,2,1,2,5,1,1,0
7765,0,0,2,2,2,6,1,1,1
3285,0,1,2,1,2,5,1,1,0
1166,0,0,2,1,2,5,1,1,0
4390,0,0,2,2,2,6,1,1,1
938,0,0,2,0,2,4,1,1,0
1327,0,1,2,1,2,5,1,1,0
8000,0,1,2,1,2,5,1,1,0
456,0,0,2,2,2,6,1,1,1
4627,0,0,2,0,2,4,1,1,0
7944,0,0,2,1,2,5,1,1,0
7066,0,1,2,1,2,5,1,1,0
8312,0,1,2,0,2,4,1,1,0
3296,0,1,2,1,2,5,1,1,0
7771,0,0,1,2,2,5,1,1,1
9408,0,1,2,2,2,6,1,1,0
2554,0,1,2,1,2,5,1,1,0
7848,0,1,2,1,1,4,1,1,0
4582,0,0,2,0,2,4,1,1,0
3458,1,1,2,2,2,6,1,1,1
6695,0,1,2,1,2,5,1,1,0
1806,0,0,2,2,2,6,1,1,1
6298,0,1,2,0,2,4,1,1,0
4194,0,0,2,1,2,5,1,1,0
5303,0,0,2,1,2,5,1,1,0
2496,0,0,2,1,2,5,1,1,0
7458,0,0,2,2,1,5,1,1,1
5271,0,1,2,1,2,5,1,1,0
2215,0,0,2,2,1,5,1,1,1
8950,0,0,2,0,2,4,1,1,0
5228,0,0,2,1,2,5,1,1,0
4716,0,0,2,2,2,6,1,1,1
6183,0,1,2,1,1,4,1,1,1
1788,0,0,2,1,2,5,1,1,0
6343,0,1,2,1,2,5,1,1,0
5649,0,0,2,1,2,5,1,1,0
9176,0,0,2,2,2,6,1,1,1
1227,0,1,2,1,2,5,1,1,1
5317,0,1,2,0,2,4,1,1,0
6654,0,0,2,1,1,4,1,1,1
7899,0,1,2,0,2,4,1,1,0
5740,0,0,2,1,1,4,1,1,0
1432,1,1,2,2,2,6,1,1,1
7803,0,0,2,1,2,5,1,1,0
820,0,0,2,1,2,5,1,1,0
7639,0,0,2,0,2,4,1,1,0
6149,0,0,2,2,2,6,1,1,1
5852,0,0,2,0,2,4,1,1,0
6664,0,1,2,1,2,5,1,1,0
3527,0,1,2,0,2,4,1,1,0
444,0,1,1,0,2,3,1,1,0
5109,1,1,1,1,2,4,1,1,1
7332,0,1,2,1,2,5,1,1,0
7697,0,1,2,1,2,5,1,1,0
8158,0,0,2,1,2,5,1,1,0
140,0,0,2,2,2,6,1,1,1
9469,0,0,2,2,2,6,1,1,1
1931,0,0,2,1,1,4,1,1,0
8655,0,1,2,2,2,6,1,1,1
7145,0,1,2,1,1,4,1,1,1
622,0,0,1,1,2,4,1,1,0
6169,0,0,2,2,2,6,1,1,1
1499,0,0,2,2,2,6,1,1,1
2042,0,0,2,1,2,5,1,1,0
974,0,1,2,2,2,6,1,1,1
9991,0,0,2,2,2,6,1,1,1
6968,0,0,2,1,2,5,1,1,0
1875,0,0,2,1,1,4,1,1,1
8187,0,0,2,1,2,5,1,1,0
2174,0,0,1,1,2,4,1,1,0
7126,1,1,2,2,2,6,1,1,1
5089,0,1,1,1,2,4,1,1,0
7716,0,1,1,1,2,4,1,1,0
