true_sentence,pred_sentence,true_rank,cosine_sim,top_1_correct,top_5_correct
large red 15,large red 64496,1887,0.46216174960136414,0,0
small yellow 346,small yellow 7,181,0.5648305416107178,0,0
small yellow 12671,small yellow 3,1639,0.49666333198547363,0,0
large yellow 859,large yellow 46471,641,0.5319182872772217,0,0
large yellow 7939,large yellow 303,172,0.604938268661499,0,0
large yellow 733039,large yellow 2,1541,0.5000159740447998,0,0
large yellow 448121,large yellow 8239,898,0.5300487875938416,0,0
large blue 62994,small blue 87607,1433,0.4502427577972412,0,0
small red 2832,small red 3,936,0.568307638168335,0,0
small red 165,small red 8,1050,0.5799302458763123,0,0
large green 2832,large green 578975,42,0.5307614803314209,0,0
small blue 88135,small blue 6,224,0.5898348689079285,0,0
large yellow 82529,large yellow 8239,307,0.5443493127822876,0,0
small blue 674,small blue 8,1172,0.4999291002750397,0,0
small red 957,small red 4,106,0.6485066413879395,0,0
small blue 897441,small blue 6728,431,0.6047924757003784,0,0
large blue 4853,large blue 8541,1396,0.41410234570503235,0,0
large red 9808,large red 528361,1602,0.5032857060432434,0,0
large blue 592841,small blue 87607,1372,0.41897234320640564,0,0
large green 529,large green 448121,1339,0.3887251019477844,0,0
large green 31,large green 4644,87,0.5052383542060852,0,0
small green 9540,small green 545,1711,0.44693630933761597,0,0
large blue 674,small blue 820775,2227,0.36320456862449646,0,0
large red 893,large red 528361,1438,0.45557737350463867,0,0
large red 48974,large red 1,1328,0.5411880016326904,0,0
large yellow 586,large yellow 4,1070,0.5614602565765381,0,0
small blue 59,small blue 6728,54,0.6475489735603333,0,0
large blue 50135,small blue 8612,1519,0.35521697998046875,0,0
small red 313446,small red 4,302,0.6359325647354126,0,0
small blue 81,small blue 6,296,0.5695279836654663,0,0
large green 45179,large green 880879,179,0.4760420024394989,0,0
large blue 66207,large blue 8541,2149,0.40090638399124146,0,0
large green 82768,large green 5681,736,0.44083940982818604,0,0
small red 437408,small red 3,786,0.5947561264038086,0,0
small red 3724,small red 5,838,0.5831031203269958,0,0
small blue 7209,small blue 9,451,0.6000669598579407,0,0
large blue 605,small blue 8612,1346,0.3678266108036041,0,0
small yellow 862,small yellow 4,710,0.5581096410751343,0,0
large green 5673,large green 880879,189,0.5393397212028503,0,0
small green 12540,small green 436653,3065,0.4159066677093506,0,0
small blue 343,small blue 6728,96,0.604918897151947,0,0
large green 983,large green 545,3400,0.3436717391014099,0,0
small yellow 6663,small yellow 2,102,0.5998426079750061,0,0
small yellow 522060,small yellow 6,1185,0.5169654488563538,0,0
small blue 50888,small blue 4,937,0.5782050490379333,0,0
small blue 754,small blue 9,928,0.5407823324203491,0,0
small red 668950,small red 7,1235,0.5614951252937317,0,0
large yellow 429795,large yellow 8,664,0.580884575843811,0,0
small blue 6000,small blue 6728,468,0.6127059459686279,0,0
small blue 335729,small blue 6728,1004,0.534951388835907,0,0
small blue 611,small blue 6,472,0.5699707865715027,0,0
large red 156837,large red 2269,749,0.5683215856552124,0,0
small red 43092,small red 9,1182,0.5736791491508484,0,0
small red 208,small red 4,804,0.5646637082099915,0,0
large yellow 2343,large yellow 4,1226,0.5013787150382996,0,0
large green 9666,large green 49824,365,0.48650410771369934,0,0
large yellow 345,large yellow 8,188,0.5538387894630432,0,0
large yellow 13552,large yellow 6,652,0.5354325771331787,0,0
small yellow 49824,small yellow 6,693,0.5575836896896362,0,0
small yellow 2894,small yellow 4,612,0.5571921467781067,0,0
large blue 12540,small blue 820775,2463,0.33753371238708496,0,0
small yellow 299869,small yellow 6,651,0.5322597622871399,0,0
large blue 353,large blue 718439,826,0.46239349246025085,0,0
large yellow 38043,large yellow 9,22,0.6563677191734314,0,0
small blue 791998,small blue 9,1104,0.5396410226821899,0,0
large green 40,large green 880879,776,0.4766402542591095,0,0
large blue 678727,small blue 6728,2185,0.38819462060928345,0,0
large red 3608,large red 528361,1633,0.4678724408149719,0,0
large green 49824,large green 880879,49,0.5321698188781738,0,0
large yellow 162535,large yellow 7,1196,0.5317315459251404,0,0
large blue 4335,small blue 8541,1451,0.4623236358165741,0,0
small blue 8454,small blue 6,697,0.5805197358131409,0,0
small blue 99687,small blue 6728,397,0.5972548127174377,0,0
small yellow 910208,small yellow 5,82,0.6184484362602234,0,0
small green 17146,small blue 9,889,0.4742240905761719,0,0
large yellow 57,large yellow 5,935,0.5350707173347473,0,0
large blue 4262,large blue 795928,1114,0.45017632842063904,0,0
small red 184349,small red 7,584,0.6145946979522705,0,0
large blue 23176,large blue 357,1932,0.39585164189338684,0,0
small blue 949,small blue 6728,327,0.6145563721656799,0,0
small red 76317,small red 9,1176,0.5374194979667664,0,0
small red 242,small red 9,776,0.5824117064476013,0,0
small green 2832,small green 5681,570,0.48676225543022156,0,0
small red 899929,small red 9,977,0.5804761648178101,0,0
large green 19710,large green 880879,353,0.4628244638442993,0,0
large yellow 746,large yellow 4,795,0.4961070716381073,0,0
large yellow 7211,large yellow 49139,1165,0.4562070965766907,0,0
small yellow 46471,small yellow 5,962,0.5228242874145508,0,0
small blue 85470,small blue 4,177,0.6279329657554626,0,0
large blue 266,large blue 6728,3354,0.27333685755729675,0,0
large red 961,large red 528361,1279,0.4721650183200836,0,0
large blue 579123,large blue 70515,629,0.47821280360221863,0,0
small yellow 38361,small yellow 5,725,0.5520410537719727,0,0
small red 559,small red 5,1045,0.5308763384819031,0,0
large yellow 3697,large yellow 9,1056,0.5286617875099182,0,0
large blue 885,small blue 87607,1462,0.4617097079753876,0,0
small red 4044,small red 4,122,0.6672379970550537,0,0
large red 8461,large red 841296,756,0.5399051308631897,0,0
large yellow 230394,large yellow 7,826,0.5714269280433655,0,0
small green 99687,small green 2,553,0.4992976784706116,0,0
small yellow 68,small yellow 2,898,0.5425198674201965,0,0
large red 58368,large red 1,431,0.5684769749641418,0,0
large red 818,large red 528361,1383,0.4740857183933258,0,0
small green 70258,small green 436653,2268,0.43281280994415283,0,0
large red 448,large red 528361,591,0.5677552819252014,0,0
small red 95,small red 7,1142,0.5358093976974487,0,0
small red 79,small red 5,285,0.6315577626228333,0,0
small yellow 733039,small yellow 5,999,0.5338208675384521,0,0
large blue 433632,large blue 255813,1731,0.3768858015537262,0,0
small green 98,small green 436653,563,0.5079920887947083,0,0
small yellow 51359,small yellow 4,234,0.601767361164093,0,0
large yellow 13,large yellow 718439,466,0.5373837351799011,0,0
small green 83975,small green 4,1131,0.46966344118118286,0,0
large yellow 5325,large yellow 5,711,0.5244289040565491,0,0
small yellow 9938,small yellow 8,214,0.5706546902656555,0,0
small green 791,small blue 218972,851,0.4760884940624237,0,0
small blue 570,small blue 9,898,0.5709324479103088,0,0
large green 187,large green 880879,134,0.5209172964096069,0,0
small yellow 668950,small yellow 7,1249,0.5118758082389832,0,0
large blue 371,small blue 8541,926,0.4793218970298767,0,0
large red 7547,large red 528361,1750,0.48273929953575134,0,0
large yellow 9565,large yellow 275,248,0.5744304060935974,0,0
small blue 369,small blue 6,701,0.5635185241699219,0,0
large green 929683,large green 46471,2223,0.37547796964645386,0,0
small green 822858,small green 545,294,0.5097512602806091,0,0
small blue 422554,small blue 6728,212,0.6151756048202515,0,0
small red 786,small red 9,572,0.612568736076355,0,0
large green 5371,large green 8239,275,0.4789217710494995,0,0
large green 74340,large green 4644,1219,0.4204765558242798,0,0
large blue 668950,large blue 795928,2106,0.4005575478076935,0,0
large red 321275,large red 41499,2324,0.38341742753982544,0,0
large red 37,large red 508,568,0.5144914388656616,0,0
small green 1152,small blue 4644,254,0.5005060434341431,0,0
small yellow 6147,small yellow 9,1356,0.5151641368865967,0,0
small yellow 891,small yellow 6,1134,0.5261300802230835,0,0
small green 93307,small green 9,760,0.4967297315597534,0,0
small red 362529,small red 3,1774,0.5022258758544922,0,0
large yellow 839677,large yellow 6,355,0.6184383034706116,0,0
large green 27,large green 553014,1645,0.37246620655059814,0,0
small blue 266071,small blue 3,1038,0.5267317891120911,0,0
small green 960616,small green 545,2963,0.4043788015842438,0,0
small green 39389,small green 5,1025,0.4867873191833496,0,0
large yellow 644173,large yellow 8,2788,0.40799829363822937,0,0
small red 8,small red 4,8,0.7527828812599182,0,0
small red 391668,small red 6,1204,0.5408772230148315,0,0
large yellow 46211,large yellow 9,1519,0.49411654472351074,0,0
large green 66207,large green 880879,458,0.46785789728164673,0,0
large blue 71,small blue 8541,1553,0.4248778820037842,0,0
large red 46241,large red 2269,645,0.557262122631073,0,0
large blue 413058,large blue 533321,980,0.4720246493816376,0,0
large yellow 52906,large yellow 6,1325,0.476610392332077,0,0
large blue 9004,small blue 8541,1459,0.4565666615962982,0,0
large green 5291,large green 880879,366,0.49410000443458557,0,0
small red 858,small red 3,1257,0.5210076570510864,0,0
large yellow 80,large yellow 1,13,0.6956620216369629,0,0
small green 433632,small green 545,1094,0.4678817093372345,0,0
small yellow 742,small yellow 9,2181,0.4535927176475525,0,0
large red 59,large red 41499,29,0.6053991317749023,0,0
small green 91439,small green 9,322,0.5185187458992004,0,0
large green 90,large green 880879,900,0.44786280393600464,0,0
small yellow 72518,small yellow 9,1199,0.5278056263923645,0,0
small yellow 735,small yellow 2,162,0.5978127121925354,0,0
small blue 82848,small blue 8,131,0.6283020377159119,0,0
large yellow 2530,large yellow 7,110,0.6276338696479797,0,0
large green 793300,large green 880879,1007,0.4622419774532318,0,0
large red 333,large red 528361,608,0.4856348931789398,0,0
large yellow 49529,large yellow 1,135,0.5951247811317444,0,0
small red 7939,small red 6,1046,0.5528960824012756,0,0
large red 814,large red 528361,356,0.5459791421890259,0,0
large yellow 8238,large yellow 4262,182,0.564849853515625,0,0
large blue 66148,small blue 820775,1423,0.3965572416782379,0,0
small yellow 7267,small yellow 6,533,0.5679076313972473,0,0
small red 579123,small red 8,838,0.5862811207771301,0,0
large red 495533,large red 528361,958,0.5368677377700806,0,0
small yellow 33819,small yellow 4,525,0.5537564754486084,0,0
large green 178711,large green 880879,323,0.46807318925857544,0,0
small green 6067,small green 5,2746,0.4442547559738159,0,0
large red 121,large red 64496,553,0.4614331126213074,0,0
small red 11854,small red 4,679,0.606709897518158,0,0
small green 5349,small green 9,1319,0.47891151905059814,0,0
small red 702,small red 6,1202,0.5603304505348206,0,0
small blue 145767,small blue 6728,313,0.6035323739051819,0,0
large blue 330,large blue 8541,1994,0.4126659035682678,0,0
large yellow 928381,large yellow 5,1051,0.5228624939918518,0,0
large red 181,large red 528361,1394,0.45084092020988464,0,0
large yellow 23356,large yellow 6,112,0.6252943277359009,0,0
small red 961,small red 6,825,0.5377376675605774,0,0
small green 91,small blue 8973,3537,0.4012012481689453,0,0
small green 246,small green 545,2359,0.41789475083351135,0,0
large blue 45954,large blue 3938,2295,0.39122942090034485,0,0
small blue 6138,small blue 6728,736,0.5698897838592529,0,0
large yellow 65771,large yellow 3,1104,0.5092498660087585,0,0
small yellow 7311,small yellow 6,1192,0.5234297513961792,0,0
small red 52245,small red 7,1258,0.5387105941772461,0,0
large blue 822131,small blue 820775,547,0.4405057430267334,0,0
small green 5092,small green 4644,121,0.5061964392662048,0,0
large green 792509,large green 880879,1003,0.428653746843338,0,0
small green 82529,small green 545,1585,0.4486613869667053,0,0
small yellow 463,small yellow 6,620,0.5496225953102112,0,0
large green 6139,large green 8239,2602,0.2957650125026703,0,0
large green 3170,large green 880879,129,0.5238115191459656,0,0
large blue 438977,small blue 820775,196,0.5060252547264099,0,0
small green 95,small green 3,884,0.49326908588409424,0,0
large yellow 6442,large yellow 7,917,0.5241668820381165,0,0
small red 9099,small red 5,889,0.6052047610282898,0,0
small red 235,small red 6,121,0.6550127863883972,0,0
small red 1651,small red 6,1033,0.5651660561561584,0,0
large blue 965,small blue 87607,2117,0.42904341220855713,0,0
large red 98781,large red 508,681,0.5295940637588501,0,0
large red 209680,large red 2269,286,0.5673673152923584,0,0
small yellow 174637,small yellow 7,809,0.5501184463500977,0,0
small red 5920,small red 5,123,0.6638606786727905,0,0
small yellow 804938,small yellow 6,195,0.5725213885307312,0,0
small blue 290305,small blue 3,192,0.6358129382133484,0,0
large red 15383,large red 508,1716,0.4921150505542755,0,0
small yellow 73993,small yellow 9,434,0.5764747858047485,0,0
small red 26591,small red 7,172,0.6301056742668152,0,0
large red 690,large red 528361,934,0.507237434387207,0,0
large blue 713762,small blue 87607,2129,0.39772170782089233,0,0
large blue 633590,small blue 820775,621,0.4861505329608917,0,0
small blue 72402,small blue 5,200,0.6099071502685547,0,0
small red 986088,small red 4,225,0.6506155729293823,0,0
large yellow 4644,large yellow 9,189,0.598861813545227,0,0
small red 83147,small red 2,562,0.6079232096672058,0,0
small green 396,small green 545,1344,0.4536987841129303,0,0
small yellow 96900,small yellow 3,897,0.5299972295761108,0,0
small yellow 9,small yellow 6,6,0.6631833910942078,0,0
small red 649,small red 2,1050,0.5592911243438721,0,0
large green 99687,large green 880879,1738,0.4102768301963806,0,0
large yellow 4872,large yellow 9,744,0.5542314648628235,0,0
large red 243139,large red 528361,352,0.5758242607116699,0,0
large green 264136,large green 880879,679,0.4476047456264496,0,0
small yellow 97670,small yellow 3,1144,0.5151367783546448,0,0
small green 65255,small green 5681,2626,0.3997221291065216,0,0
small red 15965,small red 5,797,0.6003369688987732,0,0
large blue 533,small blue 8541,394,0.5163200497627258,0,0
small blue 2832,small blue 6728,211,0.6158000826835632,0,0
small green 877,small green 545,173,0.5311511158943176,0,0
large green 57,large green 9486,1004,0.44301509857177734,0,0
small green 3780,small green 3,952,0.4872591197490692,0,0
small blue 984,small blue 3,451,0.5934497117996216,0,0
small green 5246,small blue 218972,12,0.5262197256088257,0,0
small green 374,small green 545,550,0.49547079205513,0,0
large yellow 71069,large yellow 5,415,0.5710901618003845,0,0
small red 256226,small red 6,1147,0.5764134526252747,0,0
small yellow 45954,small yellow 5,555,0.5512076616287231,0,0
large green 786587,large green 4644,958,0.39580038189888,0,0
large blue 37802,large blue 87607,2242,0.36266911029815674,0,0
large red 317,large red 26551,2725,0.35024693608283997,0,0
large yellow 87139,large yellow 5,930,0.5382810831069946,0,0
large yellow 282256,large yellow 4,454,0.558862566947937,0,0
large yellow 2146,large yellow 5,341,0.5924701690673828,0,0
small red 5345,small red 3,649,0.6036052703857422,0,0
small yellow 531641,small yellow 7,1944,0.48324063420295715,0,0
small red 282256,small red 4,525,0.6185923218727112,0,0
small yellow 76317,small yellow 5,1197,0.5119445323944092,0,0
large red 541,large red 528361,1793,0.4787706732749939,0,0
large green 78765,large green 880879,3893,0.3285675644874573,0,0
large yellow 2312,large yellow 6,952,0.5256589651107788,0,0
small blue 886,small blue 7,1094,0.5249344110488892,0,0
small green 17,small green 436653,833,0.4850671589374542,0,0
small red 5333,small red 7,941,0.5849134922027588,0,0
large red 559398,large red 528361,508,0.5579458475112915,0,0
large blue 975271,small blue 8541,1984,0.45381787419319153,0,0
large yellow 9701,large yellow 4,1378,0.48741286993026733,0,0
small green 334,small green 545,1599,0.4163364768028259,0,0
small green 832168,small green 545,92,0.528805673122406,0,0
small blue 870214,small blue 6728,1169,0.5057674050331116,0,0
large green 23356,large green 880879,1598,0.42545345425605774,0,0
large yellow 1653,large yellow 80,79,0.6070743799209595,0,0
small blue 9346,small blue 9,689,0.5680747032165527,0,0
large red 46,large red 41499,1317,0.5215280652046204,0,0
small green 45774,small green 545,1051,0.4793207049369812,0,0
large green 8811,large green 46471,185,0.4810969829559326,0,0
large red 740,large red 528361,1255,0.4963635206222534,0,0
large yellow 33,large yellow 8,499,0.5946357846260071,0,0
large yellow 2269,large yellow 3,40,0.6378692388534546,0,0
large green 7209,large green 880879,102,0.527975857257843,0,0
small red 267,small red 8,723,0.5932990312576294,0,0
small green 482,small green 436653,529,0.4892804026603699,0,0
small green 9702,small green 545,323,0.5274568796157837,0,0
large yellow 528361,large yellow 9,205,0.5971503257751465,0,0
large red 422,large red 41499,2032,0.38915348052978516,0,0
large green 789606,large green 4644,1781,0.37507903575897217,0,0
small red 7888,small red 7,1111,0.5692092776298523,0,0
small blue 6974,small blue 8,83,0.6441990733146667,0,0
large blue 622584,small blue 26551,1316,0.3527083992958069,0,0
large red 50026,large red 1,193,0.6211373805999756,0,0
large yellow 49139,large yellow 5,281,0.6034836769104004,0,0
small yellow 217,small yellow 9,1312,0.5198249220848083,0,0
large yellow 1960,large yellow 3,91,0.5943625569343567,0,0
large blue 65069,small blue 820775,1861,0.42644551396369934,0,0
large yellow 847,large yellow 5173,500,0.5469824075698853,0,0
large green 553014,large green 880879,82,0.5346999764442444,0,0
small green 6085,small green 545,1516,0.4514220058917999,0,0
large blue 37,large blue 47268,2107,0.3117128610610962,0,0
large green 189,large green 5681,934,0.4170074760913849,0,0
large red 80545,large red 2269,1099,0.49424731731414795,0,0
large red 7991,large red 528361,463,0.5569184422492981,0,0
large red 890,large red 528361,273,0.5520541071891785,0,0
large green 74789,large green 269,1886,0.38453003764152527,0,0
small blue 21164,small blue 9,832,0.5695158839225769,0,0
large blue 3536,small blue 3938,1440,0.4054981470108032,0,0
small green 60,small green 8,1744,0.46039560437202454,0,0
small blue 204,small blue 6728,110,0.629940390586853,0,0
small red 43862,small red 7,363,0.6277817487716675,0,0
small red 3881,small red 3,1754,0.5052527189254761,0,0
large green 4853,large green 4644,632,0.46416401863098145,0,0
small green 979,small green 218972,862,0.47460395097732544,0,0
small green 6974,small green 6,455,0.5164554119110107,0,0
small green 232378,small green 5,202,0.5331524014472961,0,0
large red 885,small red 528361,1973,0.3702135682106018,0,0
small blue 2638,small blue 6728,407,0.5891000628471375,0,0
large green 801,large green 49824,846,0.4425732493400574,0,0
small red 879,small red 8,385,0.5795348286628723,0,0
large green 438,large green 841296,900,0.4247047007083893,0,0
large yellow 839485,large yellow 3,412,0.6099857091903687,0,0
large yellow 633590,large yellow 8,273,0.607869029045105,0,0
small blue 597,small blue 6728,792,0.5648171901702881,0,0
large yellow 141797,large yellow 6,539,0.5738307237625122,0,0
small red 563711,small red 5,548,0.6017507910728455,0,0
large blue 68743,large blue 49529,4141,0.29445433616638184,0,0
small yellow 24168,small yellow 3,250,0.5743821859359741,0,0
large yellow 755788,large yellow 6,1137,0.4838891923427582,0,0
large green 59856,large green 880879,868,0.43369224667549133,0,0
small yellow 38043,small yellow 5,34,0.6100391745567322,0,0
small yellow 6464,small yellow 4,274,0.5774295926094055,0,0
small green 878,small green 545,3153,0.4172348082065582,0,0
small green 138817,small green 8,2076,0.4633420407772064,0,0
small yellow 885339,small yellow 8,191,0.5701884627342224,0,0
small red 355570,small red 7,1008,0.5430757999420166,0,0
small yellow 8149,small yellow 8,969,0.541862964630127,0,0
large green 4346,large green 41,1924,0.4216890335083008,0,0
small blue 377501,small blue 6728,38,0.6766533255577087,0,0
small blue 89997,small blue 6728,404,0.5955090522766113,0,0
small yellow 3267,small yellow 4,523,0.5541337728500366,0,0
large red 779172,large red 528361,558,0.519032895565033,0,0
small yellow 841296,small yellow 6,350,0.5647479891777039,0,0
small blue 1727,small blue 3,147,0.6352698802947998,0,0
small yellow 5349,small yellow 5,1255,0.5188582539558411,0,0
small red 818,small red 6,355,0.6092169880867004,0,0
small green 50888,small green 545,440,0.5094907283782959,0,0
small blue 95,small blue 6728,718,0.5854051113128662,0,0
small blue 25525,small blue 6,1012,0.5374987721443176,0,0
large blue 65255,large blue 87607,2460,0.37135350704193115,0,0
large green 328,small green 4644,2388,0.3639662563800812,0,0
small red 227324,small red 5,841,0.5705138444900513,0,0
large green 4262,large green 545,115,0.4834113121032715,0,0
large blue 5978,small blue 820775,954,0.4452075660228729,0,0
large green 760626,large green 880879,166,0.491629421710968,0,0
large green 374,large green 5844,1314,0.39938467741012573,0,0
large yellow 5246,large yellow 7,1347,0.4827965795993805,0,0
small yellow 2188,small yellow 2,515,0.562451958656311,0,0
small red 831380,small red 8,796,0.5930794477462769,0,0
large yellow 400,large yellow 303,16,0.6351879239082336,0,0
large blue 214,large blue 820775,1334,0.38311997056007385,0,0
large blue 802685,small blue 87607,766,0.5016376972198486,0,0
small red 3851,small red 9,919,0.5737552046775818,0,0
small yellow 791,small yellow 6,936,0.5322147011756897,0,0
large green 9785,large green 880879,1317,0.4250979423522949,0,0
large red 9666,large red 528361,1101,0.5081540942192078,0,0
large green 4644,large green 4644,1,0.5133479833602905,1,1
large green 237377,large green 880879,1639,0.4108472466468811,0,0
large red 448588,large red 528361,549,0.5357868671417236,0,0
large blue 456385,small blue 87607,2496,0.3514232337474823,0,0
large yellow 31465,large yellow 1,263,0.5775724053382874,0,0
small red 665,small red 8,268,0.6347489953041077,0,0
large green 185131,large green 880879,1048,0.42363476753234863,0,0
small red 960408,small red 7,25,0.6954962611198425,0,0
small red 758,small red 8,120,0.6485912203788757,0,0
large yellow 445824,large yellow 9,641,0.5430932641029358,0,0
large red 807053,large red 1,407,0.6040279865264893,0,0
small green 70515,small green 9,303,0.5144763588905334,0,0
large yellow 7548,large yellow 5,103,0.5997081398963928,0,0
large green 21164,large green 880879,171,0.4679027497768402,0,0
small red 6067,small red 8,764,0.5741892457008362,0,0
small red 461888,small red 3,464,0.6192169189453125,0,0
small blue 400,small blue 6728,328,0.6112066507339478,0,0
large green 966785,large green 880879,799,0.43462052941322327,0,0
small green 350405,small green 9,112,0.5540325045585632,0,0
large yellow 8007,large yellow 5,867,0.5547760725021362,0,0
small blue 786,small blue 8,1242,0.4781778156757355,0,0
large red 18418,large red 2269,2008,0.49438759684562683,0,0
small yellow 5173,small yellow 4,231,0.5870419144630432,0,0
small blue 6067,small blue 6728,973,0.557080090045929,0,0
large red 89069,large red 2269,523,0.5473828911781311,0,0
large red 644173,large red 528361,1178,0.5099342465400696,0,0
large yellow 471,large yellow 5,1155,0.5009241104125977,0,0
small green 487,small green 545,1411,0.4573976695537567,0,0
large yellow 576919,large yellow 3,406,0.599147379398346,0,0
small blue 96,small blue 4,1066,0.5334109663963318,0,0
large green 5325,large green 4644,1138,0.3875701129436493,0,0
small red 77,small red 5,961,0.5421278476715088,0,0
small red 178463,small red 3,939,0.5828102827072144,0,0
large blue 15276,small blue 26551,1972,0.41276755928993225,0,0
large red 699573,large red 80,1061,0.5022515654563904,0,0
small blue 832168,small blue 1626,818,0.5282456874847412,0,0
small red 71,small red 9,405,0.5851219892501831,0,0
large yellow 8066,large yellow 4,1475,0.48266521096229553,0,0
large red 3607,large red 528361,295,0.5429276823997498,0,0
large yellow 40217,large yellow 9,969,0.5451295375823975,0,0
large green 111,large yellow 4644,162,0.42102786898612976,0,0
large red 5092,large red 9,1716,0.48956984281539917,0,0
large green 214,large green 4644,3323,0.2883092164993286,0,0
small yellow 4114,small yellow 6,756,0.5453329086303711,0,0
small yellow 154118,small yellow 9,1391,0.5008453726768494,0,0
small blue 595158,small blue 8,733,0.552618145942688,0,0
large red 5649,large red 528361,245,0.580244779586792,0,0
small green 2113,small green 9,1315,0.47121718525886536,0,0
small blue 931,small blue 2,279,0.591951310634613,0,0
small yellow 626690,small yellow 7,979,0.5310859680175781,0,0
large red 999398,large red 528361,1316,0.5088682770729065,0,0
large blue 584,large blue 820775,2195,0.3994729816913605,0,0
large green 62,large green 256226,1410,0.3026549518108368,0,0
small blue 99974,small blue 6728,884,0.5693005919456482,0,0
small red 142185,small red 5,773,0.5829935669898987,0,0
small red 632929,small red 9,1386,0.5493270754814148,0,0
small red 4853,small red 5,914,0.5666133165359497,0,0
small blue 264136,small blue 6728,90,0.633607804775238,0,0
small green 5905,small green 8,765,0.5001495480537415,0,0
large red 9445,large red 1,328,0.6054310202598572,0,0
large yellow 211,large yellow 3,818,0.5346056222915649,0,0
large green 2146,large green 8239,746,0.4014977216720581,0,0
small red 67,small red 2,335,0.6049844026565552,0,0
large green 162,large green 841296,1179,0.4133700132369995,0,0
small yellow 664742,small yellow 4,854,0.5253972411155701,0,0
large blue 26551,large blue 255813,28,0.5267613530158997,0,0
large green 72,large green 880879,331,0.4534299075603485,0,0
small green 5861,small green 5246,2739,0.43328961730003357,0,0
large blue 85631,large blue 64548,1503,0.43856191635131836,0,0
small green 3546,small green 545,403,0.499427855014801,0,0
small green 779,small green 545,508,0.4969087541103363,0,0
small blue 159,small blue 4,674,0.5599164962768555,0,0
small blue 431,small blue 6728,777,0.5778985619544983,0,0
small blue 837135,small blue 8,1040,0.5148983001708984,0,0
large red 18,large red 41499,1868,0.476051390171051,0,0
large yellow 645,large yellow 7,428,0.5555968284606934,0,0
large red 67125,large red 528361,973,0.5228776931762695,0,0
small yellow 881,small yellow 3,624,0.5622035264968872,0,0
small yellow 961,small yellow 9,1161,0.5409095287322998,0,0
small yellow 21,small yellow 9,558,0.5435975193977356,0,0
small blue 30052,small blue 8,1190,0.5128918886184692,0,0
small yellow 111,small yellow 5,600,0.554347574710846,0,0
small green 16826,small green 545,46,0.5380629301071167,0,0
large red 626690,large red 528361,1709,0.4905615746974945,0,0
small red 733039,small red 5,947,0.5842313766479492,0,0
small red 617781,small red 6,172,0.6295859217643738,0,0
large red 165,small red 8612,2048,0.41084301471710205,0,0
small yellow 783691,small yellow 2,158,0.5933024287223816,0,0
small red 72518,small red 7,443,0.6265316009521484,0,0
small blue 377405,small blue 6728,892,0.5638983249664307,0,0
small blue 948,small blue 6728,1053,0.5386582612991333,0,0
small yellow 740,small yellow 4,559,0.5720036029815674,0,0
small blue 340044,small blue 9,238,0.6116623282432556,0,0
large yellow 132,large yellow 5,321,0.5803796648979187,0,0
large red 223172,large red 1,43,0.638477623462677,0,0
large green 208,large green 880879,141,0.5334816575050354,0,0
small blue 1960,small blue 9,1067,0.5358743667602539,0,0
large red 8239,large red 4,154,0.6224027276039124,0,0
large green 699573,large green 880879,558,0.4676520526409149,0,0
large red 987,large red 528361,928,0.5067765712738037,0,0
small blue 94659,small blue 6728,741,0.5675860047340393,0,0
small yellow 3170,small yellow 7,147,0.5889001488685608,0,0
large red 516,large red 80,1502,0.4571591317653656,0,0
large blue 299869,small blue 26551,1780,0.37659358978271484,0,0
large blue 55056,small blue 820775,2234,0.31428834795951843,0,0
large blue 910075,small blue 820775,744,0.4578806757926941,0,0
small green 26,small blue 4644,1352,0.42762061953544617,0,0
large red 83147,large red 1,847,0.5624926686286926,0,0
small red 844261,small red 4,848,0.5909140706062317,0,0
large red 162,large red 89997,1151,0.5371797680854797,0,0
small green 52906,small green 545,1935,0.42834192514419556,0,0
small yellow 9346,small yellow 4,302,0.5648998618125916,0,0
small blue 380150,small blue 5,1126,0.5161969661712646,0,0
large yellow 265,large yellow 508,1002,0.4644409120082855,0,0
large blue 59857,large blue 357,2117,0.35200628638267517,0,0
small red 70258,small red 5,1023,0.5832965970039368,0,0
large red 6180,large red 528361,701,0.5225837826728821,0,0
large blue 535098,small blue 87607,812,0.45377117395401,0,0
large yellow 6139,large yellow 7,978,0.5325332283973694,0,0
large red 75,large red 528361,722,0.5141797065734863,0,0
large blue 541,small blue 87607,2865,0.3183213472366333,0,0
large yellow 200,large yellow 80,913,0.4783748984336853,0,0
large green 2530,large green 880879,822,0.4223438799381256,0,0
small blue 14067,small blue 8,929,0.5536406636238098,0,0
large green 880879,large green 880879,1,0.6220884919166565,1,1
small green 67091,small green 545,35,0.5816100835800171,0,0
small yellow 33086,small yellow 5,1161,0.5217764973640442,0,0
large yellow 573,large yellow 2,412,0.571230411529541,0,0
small green 66207,small green 545,1412,0.45874765515327454,0,0
large red 74251,large red 2269,1561,0.49957162141799927,0,0
small red 16,small red 3,928,0.5678269863128662,0,0
large yellow 8611,large yellow 26,783,0.52531898021698,0,0
large blue 703139,large blue 820775,777,0.45484137535095215,0,0
small green 619389,small green 7,206,0.5352430939674377,0,0
large blue 8478,small blue 795928,2532,0.36914145946502686,0,0
small green 678043,small green 545,732,0.504929780960083,0,0
small blue 976566,small blue 4,1027,0.5255487561225891,0,0
small green 865,small green 545,809,0.4695626199245453,0,0
large red 94874,large red 1,994,0.5301605463027954,0,0
large red 11658,large red 528361,166,0.5592994689941406,0,0
small blue 3267,small blue 4,620,0.5797860026359558,0,0
large red 85243,large red 528361,694,0.545731246471405,0,0
small green 789606,small green 545,1610,0.45349782705307007,0,0
large red 413058,large red 528361,362,0.5306820869445801,0,0
large green 94659,large green 269,1503,0.3786068558692932,0,0
large yellow 333,large yellow 9,491,0.5627822875976562,0,0
small green 243139,small green 4,166,0.5322771072387695,0,0
small yellow 91560,small yellow 9,45,0.6051635146141052,0,0
large blue 779094,small blue 87607,1784,0.34970924258232117,0,0
small red 42177,small red 8,983,0.5747281312942505,0,0
small red 429795,small red 6,1288,0.5022300481796265,0,0
large blue 5462,small blue 1152,1846,0.4243752956390381,0,0
large red 26728,large red 528361,2121,0.4124360978603363,0,0
large green 533321,large green 8239,693,0.45246389508247375,0,0
small red 8461,small red 7,1142,0.5664184093475342,0,0
small green 52840,small green 218972,1985,0.4137401282787323,0,0
small yellow 1727,small yellow 9,519,0.5601282715797424,0,0
small blue 884,small blue 3,838,0.5228312015533447,0,0
large green 43862,large green 880879,355,0.491462379693985,0,0
large blue 841296,large blue 820775,796,0.4650350511074066,0,0
large green 5173,large green 8239,218,0.46349483728408813,0,0
large red 6442,large red 528361,1166,0.5196223855018616,0,0
small green 710,small green 9,2864,0.4302624762058258,0,0
small red 3925,small red 5,1058,0.5680856108665466,0,0
large yellow 259,large yellow 46471,299,0.5711537003517151,0,0
large blue 2193,large blue 8541,311,0.5044153332710266,0,0
large yellow 16590,large yellow 7,42,0.6269116401672363,0,0
large green 431,large green 4644,2026,0.38507747650146484,0,0
large yellow 3607,large yellow 4,47,0.6129508018493652,0,0
large yellow 939,large yellow 9,1150,0.5118651986122131,0,0
large blue 570,large blue 87607,2019,0.4270727038383484,0,0
small green 35,small red 8973,1411,0.45566678047180176,0,0
small red 5371,small red 9,80,0.6730044484138489,0,0
large green 501574,large green 880879,793,0.4457463324069977,0,0
large green 78,large green 832168,120,0.4355674982070923,0,0
large blue 721,small blue 533321,1027,0.48811373114585876,0,0
small red 59689,small red 8,552,0.6167958378791809,0,0
small red 86,small red 2,945,0.5777387619018555,0,0
large blue 79827,small blue 87607,935,0.4941423237323761,0,0
small red 228,small red 9,161,0.6209042072296143,0,0
small green 35995,small green 545,15,0.586434006690979,0,0
small red 11330,small red 9,866,0.5774601101875305,0,0
large blue 13365,small blue 8541,457,0.522565484046936,0,0
small blue 878,small blue 6728,898,0.5513155460357666,0,0
large blue 9938,large blue 87607,417,0.47906890511512756,0,0
small blue 196,small blue 7,420,0.5917683243751526,0,0
small green 78494,small green 9,2261,0.4499198794364929,0,0
large yellow 9280,large yellow 9,229,0.6131272315979004,0,0
large red 3662,large red 528361,154,0.5840460062026978,0,0
small blue 471,small blue 6728,99,0.6317988038063049,0,0
large red 419,large red 41499,314,0.4474795460700989,0,0
small yellow 353,small yellow 9,657,0.5587394833564758,0,0
large yellow 679077,large yellow 3,642,0.5936543345451355,0,0
large green 80545,large green 8239,904,0.4094204902648926,0,0
small yellow 885,small yellow 2,2258,0.4768604040145874,0,0
small blue 67,small blue 6728,756,0.5390307307243347,0,0
large green 629,large green 49824,2215,0.3794943690299988,0,0
large yellow 18161,large yellow 6,1233,0.5260294079780579,0,0
large red 46211,large red 528361,2021,0.3725179135799408,0,0
small yellow 592738,small yellow 5,332,0.5929049849510193,0,0
large blue 82,small blue 1152,1932,0.4502373933792114,0,0
large yellow 38760,large yellow 8239,297,0.5127615332603455,0,0
large red 839485,large red 1,511,0.5869218111038208,0,0
large yellow 15965,large yellow 7,756,0.5460609793663025,0,0
large blue 9445,large blue 820775,2170,0.38240891695022583,0,0
large blue 5002,small blue 87607,476,0.4817644953727722,0,0
large red 402020,large red 2269,77,0.6037867665290833,0,0
large blue 31632,small blue 87607,1633,0.43742936849594116,0,0
large yellow 1936,large yellow 7,887,0.5159801840782166,0,0
small red 134225,small red 4,678,0.6171266436576843,0,0
small yellow 765620,small yellow 8,1040,0.5110635161399841,0,0
large red 89471,large red 1,730,0.5717157125473022,0,0
small blue 1822,small blue 9,699,0.5847364068031311,0,0
small yellow 7547,small yellow 4,954,0.5347930192947388,0,0
small blue 783691,small blue 8,307,0.6166229248046875,0,0
small red 583863,small red 4,1350,0.5372632741928101,0,0
small green 798,small green 6,470,0.5237661600112915,0,0
small yellow 263,small yellow 7,752,0.5624345541000366,0,0
large yellow 12560,large yellow 4,603,0.5523942112922668,0,0
small green 64548,small green 545,1373,0.471545934677124,0,0
small green 7615,small blue 6728,302,0.487571120262146,0,0
large red 169,large red 528361,1610,0.4495938718318939,0,0
large blue 314,large blue 820775,704,0.4700027406215668,0,0
large red 111,small red 64496,658,0.3963419497013092,0,0
small blue 84177,small blue 6728,842,0.5500621795654297,0,0
small blue 9288,small blue 5,944,0.5661190748214722,0,0
small yellow 619389,small yellow 5,188,0.5738599300384521,0,0
small yellow 25012,small yellow 6,253,0.573775053024292,0,0
large green 437408,large green 880879,124,0.5326648950576782,0,0
large red 678805,large red 3,166,0.6200504302978516,0,0
small red 833723,small red 7,2011,0.5111578106880188,0,0
large yellow 754,large yellow 275,911,0.5129439830780029,0,0
small blue 9849,small blue 6728,1234,0.5061069130897522,0,0
large red 1400,large red 528361,245,0.6019226312637329,0,0
small red 9883,small red 6,1157,0.5755308270454407,0,0
small red 97670,small red 9,878,0.5928460359573364,0,0
small red 70,small red 6,42,0.6637317538261414,0,0
small red 5114,small red 2,85,0.6535181999206543,0,0
small green 3532,small green 545,77,0.5420719385147095,0,0
small red 67125,small red 5,563,0.5877795219421387,0,0
large green 344762,large green 880879,1545,0.419290155172348,0,0
small red 65771,small red 8,100,0.6421810388565063,0,0
small red 572387,small red 9,262,0.6412519812583923,0,0
small green 879,small green 5,693,0.5087207555770874,0,0
small blue 4443,small blue 9,280,0.6200608015060425,0,0
large blue 993140,small blue 87607,2396,0.36869707703590393,0,0
large yellow 677596,large yellow 9,1284,0.5026224851608276,0,0
small red 9808,small red 4,467,0.6308663487434387,0,0
small red 3,small red 5,2,0.7078143954277039,0,1
large yellow 79,large yellow 8,684,0.5670542120933533,0,0
small red 405407,small red 8,1249,0.5557934045791626,0,0
small green 38361,small green 545,186,0.5157482028007507,0,0
large yellow 63424,large yellow 9,276,0.5920800566673279,0,0
large yellow 516791,large yellow 3,579,0.5734372735023499,0,0
small blue 90,small blue 6728,970,0.5451547503471375,0,0
small red 7,small red 3,2,0.6752009391784668,0,1
large red 99,large red 1998,1181,0.4745465815067291,0,0
small yellow 564,small yellow 4,814,0.5566148161888123,0,0
small yellow 92502,small yellow 6,301,0.5762132406234741,0,0
small red 10,small red 9,224,0.6013528108596802,0,0
small yellow 916,small yellow 3,101,0.566503643989563,0,0
small green 111,small blue 545,780,0.47342994809150696,0,0
large blue 646,small blue 795928,614,0.4853169620037079,0,0
small red 595951,small red 5,970,0.5686665177345276,0,0
small red 967,small red 5,666,0.5997940897941589,0,0
small blue 54057,small blue 7,585,0.5934435725212097,0,0
small blue 43862,small blue 6728,762,0.5823206305503845,0,0
large red 972565,large red 528361,1317,0.4969334900379181,0,0
large blue 73372,small blue 3938,2146,0.3688255250453949,0,0
small blue 2988,small blue 6728,372,0.6072157025337219,0,0
large green 854,large green 8239,9446,0.14614130556583405,0,0
large red 697,small red 528361,2235,0.3683359622955322,0,0
large yellow 96,large yellow 8239,1268,0.43741437792778015,0,0
small yellow 334,small yellow 3,2066,0.4725857079029083,0,0
small blue 576086,small blue 5,405,0.6108076572418213,0,0
small yellow 37742,small yellow 7,290,0.5703238844871521,0,0
small green 538,small green 9,632,0.5078960061073303,0,0
large yellow 88139,large yellow 5,641,0.5699721574783325,0,0
large red 4346,large red 1,1100,0.5537297129631042,0,0
small blue 203,small blue 6728,630,0.5873648524284363,0,0
large yellow 87656,large yellow 9,1012,0.553419828414917,0,0
small green 2964,small green 545,3268,0.40518203377723694,0,0
small yellow 6502,small yellow 3,844,0.5443232655525208,0,0
small yellow 622584,small yellow 9,592,0.5637126564979553,0,0
large green 385,large green 4644,1310,0.4106674790382385,0,0
small green 377405,small green 9,87,0.5717223286628723,0,0
large red 14,large red 508,258,0.5451621413230896,0,0
large blue 138479,small blue 87607,2186,0.36965829133987427,0,0
small yellow 8618,small yellow 9,490,0.5556802749633789,0,0
small red 3584,small red 9,744,0.6124392151832581,0,0
large green 94,large green 49824,444,0.4678267240524292,0,0
large yellow 743,large yellow 400,171,0.5694432854652405,0,0
small red 29,small red 4,1140,0.5367890000343323,0,0
large green 41890,large green 4644,3590,0.32622087001800537,0,0
small yellow 99,small yellow 3,936,0.5456902980804443,0,0
large green 35443,large green 1960,1378,0.4426421523094177,0,0
small red 2988,small red 7,864,0.5788267850875854,0,0
small blue 1387,small blue 9,409,0.603803813457489,0,0
large green 1,large green 1241,22,0.5131002068519592,0,0
large blue 448121,large blue 795928,1273,0.46114030480384827,0,0
small red 98781,small red 3,101,0.6732761263847351,0,0
small green 3881,small green 282256,353,0.5009889006614685,0,0
small red 2530,small red 6,1036,0.5598034262657166,0,0
small yellow 342720,small yellow 4,977,0.5224894881248474,0,0
large blue 335615,large blue 718439,1553,0.4404919743537903,0,0
small green 9849,small green 545,3399,0.39925020933151245,0,0
large red 35,large red 80,596,0.5292806029319763,0,0
small green 72,small green 7,1789,0.4529745876789093,0,0
large red 639593,large red 528361,2281,0.4141729176044464,0,0
large blue 2127,large blue 820775,348,0.42996957898139954,0,0
small red 55508,small red 3,631,0.6029979586601257,0,0
small green 165,small green 436653,2437,0.4087827503681183,0,0
large green 3414,large green 880879,1054,0.41007792949676514,0,0
large green 50888,large green 4644,580,0.4341681897640228,0,0
small blue 844,small blue 7,751,0.5652514696121216,0,0
small green 159,small green 4,1142,0.4863065481185913,0,0
large blue 1727,small blue 6728,1174,0.46072569489479065,0,0
large green 4114,large green 4644,1800,0.35819607973098755,0,0
large yellow 62521,large yellow 8239,694,0.517774224281311,0,0
large blue 55870,large blue 255813,57,0.5365550518035889,0,0
large blue 26591,small blue 26551,1674,0.36781439185142517,0,0
large yellow 8478,large yellow 3,629,0.5529556274414062,0,0
large yellow 11854,large yellow 9,539,0.5982072353363037,0,0
large red 313446,large red 1,137,0.6192598342895508,0,0
small yellow 9099,small yellow 9,798,0.5408321022987366,0,0
large yellow 87,large yellow 6,257,0.6098790168762207,0,0
small blue 83920,small blue 8,434,0.5997800827026367,0,0
small red 75,small red 7,837,0.5731363296508789,0,0
large blue 666,small blue 6728,1211,0.4235282838344574,0,0
large yellow 55870,large yellow 4,57,0.6635092496871948,0,0
small green 6442,small blue 4644,2599,0.399665892124176,0,0
large green 121,large green 4644,309,0.4149302840232849,0,0
large yellow 184216,large yellow 9,925,0.5130565166473389,0,0
large red 579,large red 7484,1020,0.4886418581008911,0,0
large blue 900177,large blue 718439,1153,0.4491235613822937,0,0
large blue 77715,large blue 8541,1170,0.4326104521751404,0,0
small red 27786,small red 5,111,0.664223313331604,0,0
large red 26,large red 786,1176,0.4801001250743866,0,0
small yellow 52,small yellow 5,260,0.574524462223053,0,0
small red 39581,small red 4,1214,0.538456380367279,0,0
large yellow 6050,large yellow 4,801,0.5335960388183594,0,0
large red 783691,large red 528361,1147,0.5487006306648254,0,0
small red 53369,small red 4,645,0.6106501817703247,0,0
large yellow 299869,large yellow 9,783,0.5388827919960022,0,0
small blue 88222,small blue 7,1211,0.5024901032447815,0,0
small yellow 54057,small yellow 3,632,0.5578914284706116,0,0
large green 844261,large green 4644,894,0.40829378366470337,0,0
small yellow 2113,small yellow 9,1034,0.5224382281303406,0,0
large blue 354,small blue 87607,480,0.5177236795425415,0,0
large green 758,large green 46471,499,0.4184833765029907,0,0
small blue 595951,small blue 6728,221,0.6233454346656799,0,0
large red 357,large red 528361,45,0.5223082900047302,0,0
large red 5930,large red 2269,604,0.5335536003112793,0,0
large blue 6198,small blue 3938,678,0.46055275201797485,0,0
small green 8043,small green 436653,181,0.5320594310760498,0,0
small yellow 29887,small yellow 4,190,0.5930254459381104,0,0
large blue 57301,small blue 8541,2028,0.40822911262512207,0,0
small yellow 184216,small yellow 5,871,0.5433432459831238,0,0
small red 839485,small red 5,607,0.6086546182632446,0,0
small red 80008,small red 5,433,0.6258231997489929,0,0
large green 900177,large green 46471,589,0.4540771245956421,0,0
large red 1241,large red 528361,992,0.5339369177818298,0,0
small green 1027,small blue 9,1622,0.46759071946144104,0,0
small red 968,small red 3,711,0.5459123253822327,0,0
small blue 6085,small blue 3,303,0.6316571831703186,0,0
large yellow 7888,large yellow 3,1007,0.5208490490913391,0,0
large yellow 154118,large yellow 400,1463,0.44105958938598633,0,0
small blue 8066,small blue 5,1102,0.5459690093994141,0,0
large yellow 10772,large yellow 5,207,0.6128663420677185,0,0
small yellow 992,small yellow 6,1168,0.5218155384063721,0,0
small blue 907,small blue 6728,389,0.5927219986915588,0,0
small green 2771,small green 545,898,0.47285282611846924,0,0
large blue 200,small blue 820775,1930,0.3343886137008667,0,0
large red 6279,large red 508,458,0.5461466312408447,0,0
large green 85456,large green 880879,1350,0.42778700590133667,0,0
large yellow 95256,large yellow 5,865,0.5564523935317993,0,0
large green 1757,large green 880879,898,0.41379469633102417,0,0
large blue 6753,small blue 87607,1764,0.3893575072288513,0,0
large blue 942956,large blue 8541,3185,0.3609623610973358,0,0
small green 422554,small green 545,295,0.5321176052093506,0,0
small yellow 972565,small yellow 2,690,0.5488951206207275,0,0
large yellow 708093,large yellow 5,351,0.6072307229042053,0,0
large blue 386706,small blue 87607,1968,0.3834204077720642,0,0
large red 2746,large red 1,486,0.5692521333694458,0,0
small yellow 350,small yellow 3,836,0.5374112725257874,0,0
small red 320,small red 5,1206,0.5632619857788086,0,0
large red 4502,large red 528361,219,0.6006757616996765,0,0
small blue 953085,small blue 6728,382,0.5928798913955688,0,0
small yellow 35042,small yellow 4,1011,0.5360326766967773,0,0
large green 972,large green 41,836,0.47606977820396423,0,0
small yellow 29,small yellow 3,308,0.5720545649528503,0,0
large yellow 92213,large yellow 6,801,0.5329247117042542,0,0
large green 3607,large green 880879,189,0.4806709289550781,0,0
small yellow 90,small yellow 3,553,0.556731104850769,0,0
small green 82140,small green 436653,2244,0.42909422516822815,0,0
large yellow 690,large yellow 8239,1716,0.4445805847644806,0,0
small yellow 82544,small yellow 5,1071,0.5219407677650452,0,0
large blue 170,large blue 8541,618,0.43811696767807007,0,0
small yellow 3,small yellow 7,7,0.6490811705589294,0,0
small blue 2894,small blue 6728,171,0.6264088153839111,0,0
small blue 438,small blue 3,121,0.6364371180534363,0,0
small red 1387,small red 9,595,0.6127076745033264,0,0
small green 982277,small green 7,1530,0.4624754786491394,0,0
large blue 85849,small blue 87607,1915,0.3922397792339325,0,0
large blue 619536,small blue 843,2668,0.3550742566585541,0,0
large blue 79,large blue 255813,1681,0.39408284425735474,0,0
large red 8119,large red 41499,335,0.48727038502693176,0,0
small blue 18993,small blue 6728,671,0.5681314468383789,0,0
large green 2528,large green 880879,43,0.5468188524246216,0,0
large blue 71524,small blue 41635,2595,0.35357457399368286,0,0
large red 621,small red 528361,578,0.44732990860939026,0,0
large green 9808,large green 578975,1427,0.40620481967926025,0,0
large blue 896,small blue 820775,2127,0.39806243777275085,0,0
small blue 82529,small blue 2,765,0.5675553679466248,0,0
large yellow 791,large yellow 9,652,0.5548204183578491,0,0
small red 471,small red 6,23,0.6407626867294312,0,0
small red 8373,small red 6,392,0.6115564107894897,0,0
small blue 3532,small blue 41499,88,0.6016479730606079,0,0
small yellow 6344,small yellow 8,1488,0.5014787316322327,0,0
small red 548,small red 6,866,0.5486244559288025,0,0
large blue 16734,small blue 87607,1510,0.3926214873790741,0,0
large green 320,large green 841296,2116,0.3831527531147003,0,0
large yellow 63271,large yellow 7,25,0.6447768807411194,0,0
small green 189,small green 436653,164,0.5388457179069519,0,0
large green 22,large green 880879,949,0.4188401997089386,0,0
small green 992,small green 545,532,0.4697153866291046,0,0
small blue 269,small blue 6728,829,0.5781146883964539,0,0
large yellow 5011,large yellow 6,1258,0.49777260422706604,0,0
small blue 402218,small blue 6,1177,0.5172232985496521,0,0
small green 684,small green 545,1125,0.470747709274292,0,0
large blue 132,large blue 357,1764,0.3977319598197937,0,0
large green 204,large green 5681,189,0.39205944538116455,0,0
large green 1027,large green 46471,1348,0.4352172911167145,0,0
large green 624783,large green 880879,42,0.5206088423728943,0,0
large blue 4111,small blue 87607,914,0.48272308707237244,0,0
large yellow 82768,large yellow 8239,668,0.5231165289878845,0,0
large yellow 987,large yellow 8239,560,0.4765803813934326,0,0
large yellow 9308,large yellow 6,507,0.5461800694465637,0,0
large green 667,small green 4644,6901,0.2659629285335541,0,0
large green 69598,large green 880879,1443,0.4352003335952759,0,0
small red 73654,small red 6,926,0.6034903526306152,0,0
small blue 1931,small blue 6728,606,0.5840938091278076,0,0
small blue 960616,small blue 6728,1009,0.543317973613739,0,0
large green 5033,large green 8239,253,0.504175066947937,0,0
large green 256226,large green 49824,10,0.543597400188446,0,0
large yellow 6974,large yellow 303,70,0.5575477480888367,0,0
small red 523808,small red 7,1126,0.5568832159042358,0,0
large green 4492,large green 880879,519,0.4925197958946228,0,0
small green 691,small green 5,377,0.5167187452316284,0,0
large red 6409,large red 528361,1295,0.5261550545692444,0,0
small green 364659,small green 545,666,0.4776589274406433,0,0
large red 718439,large red 2,629,0.570472776889801,0,0
small yellow 15,small yellow 5,1328,0.5060290098190308,0,0
small red 597,small red 7,917,0.583757221698761,0,0
large yellow 39816,large yellow 5,808,0.5577003359794617,0,0
small yellow 9288,small yellow 3,1284,0.5160640478134155,0,0
large green 437978,large green 5681,1001,0.399149090051651,0,0
small yellow 107,small yellow 7,153,0.6050516366958618,0,0
small red 84691,small red 5,411,0.6244786977767944,0,0
small red 667,small red 4,850,0.5770468711853027,0,0
small red 45954,small red 8,809,0.5937427282333374,0,0
small green 107,small green 7,394,0.5160918831825256,0,0
large yellow 925981,large yellow 2,524,0.5676830410957336,0,0
small blue 72616,small blue 2,936,0.5455339550971985,0,0
large yellow 721,large yellow 8,68,0.6142456531524658,0,0
large blue 964998,small blue 87607,1804,0.4214954674243927,0,0
large yellow 467,large yellow 275,1274,0.4497072696685791,0,0
small red 865,small red 3,75,0.6695817708969116,0,0
large blue 11854,small blue 87607,794,0.4579904079437256,0,0
small yellow 464863,small yellow 7,1190,0.5018750429153442,0,0
small red 2776,small red 8,841,0.5818326473236084,0,0
large green 8119,large green 4644,850,0.3882155418395996,0,0
small green 592296,small green 4644,570,0.4803844392299652,0,0
large yellow 26551,large yellow 6,122,0.6213871240615845,0,0
large yellow 516,large yellow 6,1308,0.48135119676589966,0,0
large red 9270,large red 1,1045,0.5289614796638489,0,0
large red 287,large red 80,2353,0.37484586238861084,0,0
small green 615611,small green 545,289,0.5206459164619446,0,0
small red 779,small red 5,785,0.5480892062187195,0,0
small red 385470,small red 5,963,0.592431902885437,0,0
small yellow 595158,small yellow 2,1130,0.5373342037200928,0,0
small green 25814,small green 545,1383,0.46084898710250854,0,0
large red 6502,large red 41499,1096,0.5071828961372375,0,0
large blue 352,small blue 820775,709,0.487929105758667,0,0
small green 3426,small green 545,2649,0.41008812189102173,0,0
large red 733,large red 528361,1786,0.3902677297592163,0,0
large blue 52840,small blue 87607,2578,0.29956504702568054,0,0
small yellow 83920,small yellow 9,353,0.5697482228279114,0,0
large blue 6378,small blue 357,4978,0.21093633770942688,0,0
small yellow 58,small yellow 7,138,0.5914702415466309,0,0
small green 7965,small green 317881,464,0.49905163049697876,0,0
large yellow 976566,large yellow 6,808,0.5549084544181824,0,0
large yellow 46655,large yellow 275,632,0.5197105407714844,0,0
small green 46211,small green 218972,1157,0.4561017155647278,0,0
large blue 473,small blue 87607,648,0.4856356382369995,0,0
small blue 755900,small blue 4,556,0.5966360569000244,0,0
small red 192337,small red 9,985,0.5601766109466553,0,0
small green 243,small green 436653,917,0.47884058952331543,0,0
small yellow 223,small yellow 2,234,0.5974264144897461,0,0
large blue 56112,large blue 255813,351,0.46875324845314026,0,0
large blue 960408,small blue 87607,499,0.5104962587356567,0,0
small green 330,small green 317881,1580,0.41909259557724,0,0
large yellow 926097,large yellow 7,1210,0.5374460816383362,0,0
small yellow 114338,small yellow 2,751,0.5248625874519348,0,0
small blue 64377,small blue 6728,802,0.5569583177566528,0,0
large green 54608,large green 4644,1555,0.4241977632045746,0,0
large red 42530,large red 8973,22,0.5950512290000916,0,0
small red 629,small red 7,42,0.6670799255371094,0,0
small yellow 74789,small yellow 9,1166,0.5230516195297241,0,0
large green 3143,large green 545,2436,0.3465242385864258,0,0
small red 51359,small red 4,962,0.5544162392616272,0,0
small green 763,small green 218972,1196,0.46540457010269165,0,0
large red 7939,large red 2269,248,0.5458412170410156,0,0
small yellow 83975,small yellow 9,90,0.6071659326553345,0,0
large blue 553014,small blue 87607,2302,0.3822689354419708,0,0
large blue 39816,large blue 87607,976,0.46366482973098755,0,0
large blue 7691,large blue 87607,22,0.5165514349937439,0,0
small blue 967,small blue 8,1008,0.5470759272575378,0,0
small green 197736,small green 545,4539,0.37764495611190796,0,0
small green 936,small green 545,994,0.4637497663497925,0,0
small yellow 71069,small yellow 3,239,0.5909175872802734,0,0
large blue 2232,small blue 820775,1323,0.44414371252059937,0,0
large red 52906,large red 528361,1234,0.496764600276947,0,0
large yellow 72070,large yellow 5,1176,0.5359787344932556,0,0
small blue 23176,small blue 6728,1241,0.4698980748653412,0,0
small red 664742,small red 6,426,0.5959828495979309,0,0
small green 858,small green 545,215,0.5281819701194763,0,0
large blue 2776,large blue 820775,3056,0.3142630159854889,0,0
small blue 652,small blue 87607,97,0.6286405324935913,0,0
small blue 70931,small blue 6728,677,0.5870063900947571,0,0
small green 5371,small green 5,114,0.5199466943740845,0,0
large yellow 18564,large yellow 6,76,0.6122535467147827,0,0
small green 961322,small green 545,2551,0.4167388081550598,0,0
small yellow 97580,small yellow 7,1399,0.49684756994247437,0,0
large red 16826,large red 2269,491,0.5732495784759521,0,0
large green 8260,large green 4644,2165,0.38126060366630554,0,0
large yellow 223,large yellow 9,721,0.5252932906150818,0,0
large yellow 39389,large yellow 8,808,0.558303952217102,0,0
small green 994,small green 545,453,0.5035824179649353,0,0
large blue 41635,large blue 87607,178,0.5316593050956726,0,0
small green 532,small green 545,718,0.45750322937965393,0,0
small yellow 5451,small yellow 3,487,0.5591475963592529,0,0
small green 4228,small green 218972,1926,0.4376203417778015,0,0
small blue 2343,small blue 6728,579,0.5809990167617798,0,0
large blue 41266,small blue 87607,1500,0.45730552077293396,0,0
large green 49139,large green 880879,689,0.4742873013019562,0,0
small green 758,small green 3,158,0.5331293344497681,0,0
small green 348,small green 545,209,0.5334376692771912,0,0
small green 26591,small blue 4644,89,0.5302413105964661,0,0
large blue 826353,small blue 820775,935,0.4641150236129761,0,0
large red 1722,large red 2269,432,0.5854406356811523,0,0
small blue 520,small blue 4,890,0.5393573641777039,0,0
small yellow 728492,small yellow 9,667,0.5252990126609802,0,0
large green 256,large green 1387,1595,0.43998467922210693,0,0
small blue 86225,small blue 4,466,0.5953543186187744,0,0
small green 87607,small green 4,653,0.49527519941329956,0,0
large blue 8973,large blue 87607,712,0.45662474632263184,0,0
small red 533321,small red 6,142,0.6562489867210388,0,0
small blue 591465,small blue 4,973,0.5450202226638794,0,0
large red 324,large red 41499,1401,0.4604971706867218,0,0
large green 130,large green 880879,515,0.43333205580711365,0,0
large red 953085,large red 528361,953,0.4894847869873047,0,0
small yellow 72616,small yellow 6,890,0.5270315408706665,0,0
large red 968,large red 1,758,0.5681764483451843,0,0
small red 346,small red 9,655,0.6151019334793091,0,0
small yellow 4262,small yellow 9,274,0.5860211849212646,0,0
large green 516791,large green 578975,303,0.5001682043075562,0,0
large red 930884,large red 1,351,0.6185984015464783,0,0
small red 85456,small red 3,1499,0.5465255379676819,0,0
large green 70931,large green 880879,351,0.4802229106426239,0,0
small blue 3608,small blue 6728,1114,0.5229624509811401,0,0
large yellow 786,large yellow 5,158,0.6294381618499756,0,0
small yellow 4848,small yellow 7,355,0.588188648223877,0,0
small green 38,small green 35995,761,0.47383520007133484,0,0
small yellow 9486,small yellow 6,324,0.5748965740203857,0,0
large green 639593,large green 4644,7780,0.25950974225997925,0,0
large green 221552,large green 880879,56,0.5601043701171875,0,0
large red 299869,large red 1,1021,0.5484736561775208,0,0
large yellow 4848,large yellow 4,302,0.5829604268074036,0,0
large green 530728,large green 880879,1437,0.3471992611885071,0,0
small yellow 5333,small yellow 3,251,0.58750319480896,0,0
small red 624783,small red 5,41,0.6562066674232483,0,0
small blue 335,small blue 6728,273,0.5930908918380737,0,0
small yellow 402099,small yellow 5,364,0.5492312908172607,0,0
small green 557058,small green 7,831,0.5077831149101257,0,0
small red 324,small red 3,1149,0.5750626921653748,0,0
small green 376,small green 545,474,0.476003497838974,0,0
large yellow 1722,large yellow 303,703,0.47661006450653076,0,0
small green 235,small green 545,795,0.4677775204181671,0,0
large green 81582,large green 46471,2297,0.38383838534355164,0,0
large blue 907,small blue 8541,1717,0.41574811935424805,0,0
large blue 4269,large blue 8541,1226,0.4565278887748718,0,0
large red 6491,large red 528361,431,0.5848386287689209,0,0
small red 844,small red 4,826,0.5925593972206116,0,0
small yellow 328,small yellow 5,452,0.5456931591033936,0,0
large red 715643,large red 528361,1080,0.5135012269020081,0,0
large yellow 243139,large yellow 5,106,0.6168394684791565,0,0
large blue 783691,small blue 87607,1872,0.4624621272087097,0,0
small blue 560485,small blue 7,750,0.5663498640060425,0,0
small green 81,small green 8,142,0.530647337436676,0,0
large blue 402218,small blue 87607,1971,0.4256060719490051,0,0
small yellow 63271,small yellow 6,109,0.5980291962623596,0,0
small yellow 148,small yellow 2,146,0.5936599373817444,0,0
small yellow 436653,small yellow 8,287,0.5774197578430176,0,0
small red 553014,small red 5,627,0.6058027744293213,0,0
large red 3417,large red 528361,1026,0.43911340832710266,0,0
small blue 896,small blue 3,696,0.5504152774810791,0,0
small blue 19710,small blue 6728,890,0.5552229881286621,0,0
large yellow 91560,large yellow 9,226,0.5709740519523621,0,0
large red 40,large red 528361,767,0.5380644798278809,0,0
small green 5673,small blue 6728,3355,0.374373197555542,0,0
large blue 52,large blue 8541,277,0.5496382117271423,0,0
small yellow 90728,small yellow 6,1306,0.5077753067016602,0,0
large yellow 14,large yellow 8,1000,0.501707136631012,0,0
large green 7049,large green 841296,1691,0.362265408039093,0,0
small red 26544,small red 7,435,0.6075586676597595,0,0
small blue 3,small blue 8179,2,0.6764320731163025,0,1
small blue 6050,small blue 6728,562,0.5963702201843262,0,0
small blue 532,small blue 5,374,0.5898082256317139,0,0
large red 84,large red 508,192,0.5835272073745728,0,0
large yellow 197736,large yellow 8,590,0.5707831382751465,0,0
small blue 704,small blue 4,670,0.5857523083686829,0,0
small yellow 41499,small yellow 3,178,0.6029785871505737,0,0
small blue 20,small blue 8,269,0.6060369610786438,0,0
small green 807053,small green 545,579,0.5148076415061951,0,0
small green 11,small blue 8,4217,0.38815897703170776,0,0
large yellow 138817,large yellow 5,53,0.6084593534469604,0,0
small blue 6425,small blue 9,911,0.5712571144104004,0,0
large yellow 88697,large yellow 7,916,0.5042000412940979,0,0
small green 821,small green 218972,665,0.47581955790519714,0,0
large green 885,large green 218972,692,0.4055507481098175,0,0
large blue 25012,large blue 255813,663,0.44224295020103455,0,0
large green 52840,large green 8239,1127,0.44002753496170044,0,0
large green 255813,large green 880879,183,0.5213165283203125,0,0
large blue 612,small blue 820775,2856,0.31313854455947876,0,0
small green 4262,small green 545,233,0.4863905608654022,0,0
large yellow 5279,large yellow 4,1246,0.48812294006347656,0,0
large green 9821,large yellow 73654,1003,0.4201284348964691,0,0
small blue 78765,small blue 5,558,0.5935878753662109,0,0
large red 704,large red 528361,1138,0.4874337613582611,0,0
